file,audio_path,light_path,ssm_correlation,novelty_correlation,boundary_f_score,boundary_precision,boundary_recall,rms_correlation,onset_correlation,beat_peak_alignment,beat_valley_alignment,intensity_variance,color_variance,structure_score,rhythm_score,dynamics_score,overall_score,source
AKA_AKA_Junge_Junge_-_Vallut_Bass,data/edge_intention/audio/AKA_AKA_Junge_Junge_-_Vallut_Bass.pkl,data/edge_intention/light/AKA_AKA_Junge_Junge_-_Vallut_Bass.pkl,0.3027763173099922,0.3707291834699502,0.0,0.0,0.0,-0.4572040904667595,-0.007177179353610889,1.9037506341305383e-09,0.18157228987158971,0.21630333364009857,0.21554678678512573,0.22450183359331413,0.09078614588767017,-0.2321906349101852,0.027699114856933032,Generated
Ariana_Grande_-_Into_You,data/edge_intention/audio/Ariana_Grande_-_Into_You.pkl,data/edge_intention/light/Ariana_Grande_-_Into_You.pkl,0.09331942668675862,-0.07014654128706183,0.0,0.0,0.0,0.05532713006941626,0.45378349373905,0.03694012207251934,0.21360062389523896,0.16619117558002472,0.2732575684785843,0.007724295133232265,0.12527037298387914,0.25455531190423314,0.12918332667378152,Generated
Avicii_-_Levels_-_Radio_Edit,data/edge_intention/audio/Avicii_-_Levels_-_Radio_Edit.pkl,data/edge_intention/light/Avicii_-_Levels_-_Radio_Edit.pkl,0.06344852588947096,0.031178615443616865,0.0,0.0,0.0,0.13209286348444343,0.36018693351112374,0.01130589929620454,0.01935757459508183,0.3022909164428711,0.3094450831413269,0.03154238044436261,0.015331736945643184,0.2461398984977836,0.09767133862926314,Generated
Bilderbuch_-_Maschin,data/edge_intention/audio/Bilderbuch_-_Maschin.pkl,data/edge_intention/light/Bilderbuch_-_Maschin.pkl,0.08615284331452519,0.3589762522813707,0.0,0.0,0.0,0.01803733237098326,0.18357235247841502,0.1186670124290228,0.12614836734239943,0.23927664756774902,0.24048132449388504,0.14837636519863195,0.12240768988571112,0.10080484242469914,0.12386296583634741,Generated
Billie_Eilish_-_Therefore_I_Am,data/edge_intention/audio/Billie_Eilish_-_Therefore_I_Am.pkl,data/edge_intention/light/Billie_Eilish_-_Therefore_I_Am.pkl,0.13100003367008306,0.03588775947037107,0.0,0.0,0.0,0.3003324854842485,-0.4640533350173081,0.09779550404991919,0.1,0.3147425055503845,0.2588101774454117,0.05562926438015137,0.0988977520249596,-0.0818604247665298,0.024222197212860386,Generated
Billie_Eilish_-_all_the_good_girls_go_to_hell,data/edge_intention/audio/Billie_Eilish_-_all_the_good_girls_go_to_hell.pkl,data/edge_intention/light/Billie_Eilish_-_all_the_good_girls_go_to_hell.pkl,-0.022601117462624668,-0.3217220346042499,0.0,0.0,0.0,0.3456821859480492,0.6258937843949135,0.0208208139771706,2.769090680174736e-09,0.3140113651752472,0.3155035972595215,-0.11477438402229152,0.010410408373130639,0.48578798517148136,0.12714133650744017,Generated
Billie_Eilish_-_bad_guy,data/edge_intention/audio/Billie_Eilish_-_bad_guy.pkl,data/edge_intention/light/Billie_Eilish_-_bad_guy.pkl,0.022391122881541783,-0.1076858917044225,0.0,0.0,0.0,0.27447518841191865,0.15680786605611866,0.12500000000000316,0.022611790977419204,0.2528243958950043,0.20575091987848282,-0.028431589607626904,0.07380589548871118,0.21564152723401864,0.0870052777050343,Generated
Billie_Eilish_-_you_should_see_me_in_a_crown,data/edge_intention/audio/Billie_Eilish_-_you_should_see_me_in_a_crown.pkl,data/edge_intention/light/Billie_Eilish_-_you_should_see_me_in_a_crown.pkl,0.08192313930602632,-0.16989371968579448,0.0,0.0,0.0,0.01684299877235089,0.08540362279037392,0.015074529010499441,0.030074507385918152,0.326567679643631,0.2698061540722847,-0.02932352679325605,0.0225745181982088,0.051123310781362404,0.01479143406210505,Generated
Boris_Brejcha_Arctic_Lake_-_House_Music_feat_Arctic_Lake_feat_Arctic_Lake_-_Edit,data/edge_intention/audio/Boris_Brejcha_Arctic_Lake_-_House_Music_feat_Arctic_Lake_feat_Arctic_Lake_-_Edit.pkl,data/edge_intention/light/Boris_Brejcha_Arctic_Lake_-_House_Music_feat_Arctic_Lake_feat_Arctic_Lake_-_Edit.pkl,0.4169390483768336,0.17292014237099035,0.0,0.0,0.0,0.1047149345763552,0.2366869002146606,0.013533531369658486,0.019333611890944673,0.3029990792274475,0.34962135553359985,0.19661973024927462,0.01643357163030158,0.1707009173955079,0.1279180730916947,Generated
Coldplay_-_A_Sky_Full_of_Stars,data/edge_intention/audio/Coldplay_-_A_Sky_Full_of_Stars.pkl,data/edge_intention/light/Coldplay_-_A_Sky_Full_of_Stars.pkl,0.09980635753570502,0.08602224613565078,0.0,0.0,0.0,-0.27294575988619424,0.12002766644723942,2.532833109818835e-15,4.821874621254841e-23,0.2747795879840851,0.1596469059586525,0.061942867890451926,1.2664165790187906e-15,-0.07645904671947741,-0.004838726276341405,Generated
College_Electric_Youth_-_A_Real_Hero,data/edge_intention/audio/College_Electric_Youth_-_A_Real_Hero.pkl,data/edge_intention/light/College_Electric_Youth_-_A_Real_Hero.pkl,0.32806968603563214,0.133637528749875,0.0,0.0,0.0,-0.6710181186378443,0.07040652662241226,0.015037253692958373,1.1572499087783506e-22,0.33345213532447815,0.33956846594810486,0.15390240492850238,0.007518626846479187,-0.300305796007716,-0.04629492141091148,Generated
Daft_Punk_-_Give_Life_Back_to_Music,data/edge_intention/audio/Daft_Punk_-_Give_Life_Back_to_Music.pkl,data/edge_intention/light/Daft_Punk_-_Give_Life_Back_to_Music.pkl,0.2505688481995716,0.09719856776933695,0.0,0.0,0.0,-0.3851130699304769,-0.2278579105195282,0.033833824616649695,0.03383382461665128,0.2940193712711334,0.29644476622343063,0.11592247198963618,0.033833824616650486,-0.30648549022500254,-0.052243064539571955,Generated
Digitalism_-_Pogo,data/edge_intention/audio/Digitalism_-_Pogo.pkl,data/edge_intention/light/Digitalism_-_Pogo.pkl,0.20328402624560216,0.2785763269340835,0.0,0.0,0.0,-0.04159271607385858,0.06408267420383698,4.351422784203636e-09,0.0451117610788709,0.36761030554771423,0.33124032616615295,0.1606201177265619,0.022555882715146844,0.0112449790649892,0.0648069931688993,Generated
Disclosure_-_When_A_Fire_Starts_To_Burn,data/edge_intention/audio/Disclosure_-_When_A_Fire_Starts_To_Burn.pkl,data/edge_intention/light/Disclosure_-_When_A_Fire_Starts_To_Burn.pkl,0.18707917739883362,0.06375824419901518,0.0,0.0,0.0,-0.0761433442192556,0.4945092028275411,0.015961266011118545,0.06666666869733147,0.4055715501308441,0.3220825120806694,0.08361247386594961,0.041313967354225004,0.20918292930414273,0.11136979017477244,Generated
Disclosure_Sam_Smith_-_Latch,data/edge_intention/audio/Disclosure_Sam_Smith_-_Latch.pkl,data/edge_intention/light/Disclosure_Sam_Smith_-_Latch.pkl,0.032511425609544,-0.15473449641376297,0.0,0.0,0.0,0.39488696880939056,-0.0833819535373704,0.1136006208492443,0.37504193473223846,0.18331553041934967,0.2404150888323784,-0.04074102360140632,0.24432127779074136,0.15575250763601006,0.11977758727511505,Generated
Dua_Lipa_-_Dance_The_Night_-_From_Barbie_The_Album,data/edge_intention/audio/Dua_Lipa_-_Dance_The_Night_-_From_Barbie_The_Album.pkl,data/edge_intention/light/Dua_Lipa_-_Dance_The_Night_-_From_Barbie_The_Album.pkl,0.16495328371307105,-0.0894800654233965,0.0,0.0,0.0,0.0851497400378857,-0.12388131017884045,0.008563287273508621,0.022611794784914135,0.31779274344444275,0.31646833568811417,0.02515773942989152,0.015587541029211378,-0.019365785070477377,0.007126498462875173,Generated
Dua_Lipa_-_Don_t_Start_Now,data/edge_intention/audio/Dua_Lipa_-_Don_t_Start_Now.pkl,data/edge_intention/light/Dua_Lipa_-_Don_t_Start_Now.pkl,-0.021251076793796765,-0.26474956594539556,0.0,0.0,0.0,0.11843278334441867,0.3265597657354466,0.2135335283236613,0.14290506826541177,0.2819240987300873,0.3099689409136772,-0.09533354757973078,0.17821929829453653,0.22249627453993265,0.10179400841824614,Generated
Einmusik_-_Dune_Suave,data/edge_intention/audio/Einmusik_-_Dune_Suave.pkl,data/edge_intention/light/Einmusik_-_Dune_Suave.pkl,0.5740581625117291,0.5097700364120027,0.0,0.0,0.0,-0.7409008240660782,0.011728751871754733,0.20003354930879008,0.03383382080915476,0.17973174154758453,0.18904030323028564,0.3612760663079106,0.11693368505897242,-0.3645860360971617,0.03787457175657377,Generated
Empire_Of_The_Sun_-_Walking_On_A_Dream,data/edge_intention/audio/Empire_Of_The_Sun_-_Walking_On_A_Dream.pkl,data/edge_intention/light/Empire_Of_The_Sun_-_Walking_On_A_Dream.pkl,-0.074340840896924,-0.048341777784172715,0.0,0.0,0.0,0.20921117948374576,0.1836438613935193,8.386946447373018e-05,0.1353352832366127,0.22005121409893036,0.259073942899704,-0.040894206227032236,0.06770957635054321,0.19642752043863254,0.07441429685404784,Generated
Gesaffelstein_-_Pursuit,data/edge_intention/audio/Gesaffelstein_-_Pursuit.pkl,data/edge_intention/light/Gesaffelstein_-_Pursuit.pkl,0.03134375193614633,0.12864496675324139,0.0,0.0,0.0,0.2575400059515515,0.016435205022099317,0.036111773038290225,6.709404857974325e-05,0.25684621930122375,0.22440578788518906,0.05332957289646257,0.018089433543434983,0.13698760548682543,0.069468870642241,Generated
Hot_Chip_-_I_Feel_Better,data/edge_intention/audio/Hot_Chip_-_I_Feel_Better.pkl,data/edge_intention/light/Hot_Chip_-_I_Feel_Better.pkl,0.0344413770411048,-0.12946491563196422,0.0,0.0,0.0,-0.25578084522822686,-0.04607044494220969,0.16219075474808933,1.7933953866737127e-32,0.26274576783180237,0.23120630532503128,-0.0316745128636198,0.08109537737404467,-0.15092564508521827,-0.03383492685826447,Generated
Icona_Pop_Charli_xcx_-_I_Love_It_feat_Charli_XCX,data/edge_intention/audio/Icona_Pop_Charli_xcx_-_I_Love_It_feat_Charli_XCX.pkl,data/edge_intention/light/Icona_Pop_Charli_xcx_-_I_Love_It_feat_Charli_XCX.pkl,0.15536890293077874,-0.09969570821832939,0.0,0.0,0.0,0.0535352175452017,0.3671247026505613,0.038667223781889346,6.709252558050237e-05,0.2961224615573883,0.27646710723638535,0.018557731570816447,0.019367158153734923,0.2103299600978815,0.08275161660747761,Generated
Justice_-_D_A_N_C_E,data/edge_intention/audio/Justice_-_D_A_N_C_E.pkl,data/edge_intention/light/Justice_-_D_A_N_C_E.pkl,0.24091764347419553,-0.3171289367939274,0.0,0.0,0.0,-0.025613279518060184,0.3179433053221872,6.709252558134665e-05,0.011277942808048738,0.3414195477962494,0.27902912348508835,-0.02540376443991062,0.005672517666815043,0.1461650129020635,0.04214458870965598,Generated
Justice_-_Genesis,data/edge_intention/audio/Justice_-_Genesis.pkl,data/edge_intention/light/Justice_-_Genesis.pkl,0.3157690629915394,0.2657397920808988,0.0,0.0,0.0,-0.14058333333704423,-0.2753502686392395,1.4071295054549084e-15,0.019333611890944673,0.2768067717552185,0.28169405460357666,0.19383628502414607,0.00966680594547304,-0.20796680098814185,-0.001487903339507583,Generated
Justin_Timberlake_-_CAN_T_STOP_THE_FEELING!_from_DreamWorks_Animation_s_TROLLS,data/edge_intention/audio/Justin_Timberlake_-_CAN_T_STOP_THE_FEELING!_from_DreamWorks_Animation_s_TROLLS.pkl,data/edge_intention/light/Justin_Timberlake_-_CAN_T_STOP_THE_FEELING!_from_DreamWorks_Animation_s_TROLLS.pkl,0.2703203302924341,0.25571527445159253,0.0,0.0,0.0,0.31125464116362034,-0.09775072075660544,0.019333614066656065,2.6522479639838e-106,0.32073912024497986,0.3128010109066963,0.17534520158134223,0.009666807033328033,0.10675196020350744,0.09725465627272589,Generated
Justin_Timberlake_Timbaland_-_SexyBack_feat_Timbaland,data/edge_intention/audio/Justin_Timberlake_Timbaland_-_SexyBack_feat_Timbaland.pkl,data/edge_intention/light/Justin_Timberlake_Timbaland_-_SexyBack_feat_Timbaland.pkl,0.1260323266651909,-0.26940652912418134,0.0,0.0,0.0,0.004031871204604839,0.126636578826645,2.5807160606717662e-05,6.709252558050237e-05,0.36405012011528015,0.2494143769145012,-0.04779140081966348,4.644984309361001e-05,0.06533422501562491,0.005863091346351682,Generated
Katy_Perry_-_WOMAN’S_WORLD,data/edge_intention/audio/Katy_Perry_-_WOMAN’S_WORLD.pkl,data/edge_intention/light/Katy_Perry_-_WOMAN’S_WORLD.pkl,0.2937193765128143,-0.08638223393873123,0.0,0.0,0.0,-0.3323006777488355,0.2899280544024768,0.14158895604844715,0.009714733529454431,0.30999550223350525,0.322048157453537,0.06911238085802769,0.07565184478895079,-0.02118631167317933,0.041192637991266386,Generated
Little_Dragon_-_Sunshine,data/edge_intention/audio/Little_Dragon_-_Sunshine.pkl,data/edge_intention/light/Little_Dragon_-_Sunshine.pkl,0.10671851949419159,-0.234258562452073,0.0,0.0,0.0,-0.01714717942219805,0.1578729644215684,0.00971473026588644,0.009690770825318176,0.3463815748691559,0.3435680866241455,-0.04251334765262713,0.009702750545602308,0.07036289249968518,0.012517431797553451,Generated
Lizzo_-_2_Be_Loved_Am_I_Ready,data/edge_intention/audio/Lizzo_-_2_Be_Loved_Am_I_Ready.pkl,data/edge_intention/light/Lizzo_-_2_Be_Loved_Am_I_Ready.pkl,0.11593048803199434,0.12709003767954147,0.0,0.0,0.0,0.1754244910001511,-0.0004555495677073529,5.59117071487307e-05,3.049798708135643e-05,0.32736220955848694,0.2654592916369438,0.08100684190384527,4.3204847115043566e-05,0.08748447071622187,0.05617817248906073,Generated
Lizzo_-_About_Damn_Time,data/edge_intention/audio/Lizzo_-_About_Damn_Time.pkl,data/edge_intention/light/Lizzo_-_About_Damn_Time.pkl,0.3163302025051608,0.4289933984861488,0.0,0.0,0.0,-0.13681895192017884,0.2682208525170852,0.1,0.1538461538461548,0.30127114057540894,0.3242757096886635,0.2484412003304365,0.12692307692307742,0.06570095029845319,0.1470217425173224,Generated
Lizzo_-_Good_as_Hell,data/edge_intention/audio/Lizzo_-_Good_as_Hell.pkl,data/edge_intention/light/Lizzo_-_Good_as_Hell.pkl,0.12188112482183358,0.23951929065883282,0.0,0.0,0.0,-0.4517902138817883,-0.019093700200763064,6.709404857847684e-05,0.019381537299213568,0.27869850397109985,0.3037584349513054,0.12046680516022212,0.009724315673896023,-0.23544195704127568,-0.03508361206905251,Generated
M83_-_Midnight_City,data/edge_intention/audio/M83_-_Midnight_City.pkl,data/edge_intention/light/M83_-_Midnight_City.pkl,0.07633671287805768,-0.38042458439372073,0.0,0.0,0.0,0.37157670192818354,-0.06252119928856428,2.580598906786589e-05,2.3025755543807592e-15,0.30072304606437683,0.28356996923685074,-0.10136262383855436,1.2902994535084232e-05,0.15452775131980961,0.01772601015859678,Generated
M83_-_We_Own_The_Sky,data/edge_intention/audio/M83_-_We_Own_The_Sky.pkl,data/edge_intention/light/M83_-_We_Own_The_Sky.pkl,0.049960573782803885,-0.09863569206037279,0.0,0.0,0.0,0.2768869886552068,0.05519123525308425,0.08900025868718568,0.047333592655100946,0.40723171830177307,0.29329071193933487,-0.016225039425856302,0.06816692567114331,0.1660391119541455,0.07266033273314416,Generated
Marteria_Teutilla_-_Aliens_feat_Teutilla,data/edge_intention/audio/Marteria_Teutilla_-_Aliens_feat_Teutilla.pkl,data/edge_intention/light/Marteria_Teutilla_-_Aliens_feat_Teutilla.pkl,0.39012251259061503,-0.2192608339946669,0.0,0.0,0.0,-0.25751555073107807,0.047663378630229875,8.386819530558542e-05,0.08336129109065726,0.34321853518486023,0.2564050704240799,0.05695389286531605,0.04172257964298143,-0.1049260860504241,-0.0020832045140422076,Generated
Missy_Elliott_-_Get_Ur_Freak_On,data/edge_intention/audio/Missy_Elliott_-_Get_Ur_Freak_On.pkl,data/edge_intention/light/Missy_Elliott_-_Get_Ur_Freak_On.pkl,-0.028869437002450725,-0.20284760176134836,0.0,0.0,0.0,-0.36344665638496476,0.13230301879181833,0.1059171703609267,0.08336128982149126,0.3625161349773407,0.2371542677283287,-0.07723901292126636,0.09463923009120898,-0.11557181879657322,-0.03272386720887687,Generated
Moderat_-_Bad_Kingdom,data/edge_intention/audio/Moderat_-_Bad_Kingdom.pkl,data/edge_intention/light/Moderat_-_Bad_Kingdom.pkl,0.03622917222475812,-0.23162461027248987,0.0,0.0,0.0,0.17423294380054416,-0.2631059894659651,0.02255588053943545,3.16604143549229e-15,0.32203954458236694,0.23463989794254303,-0.06513181268257724,0.01127794026971931,-0.04443652283271046,-0.03276346508185613,Generated
Moderat_-_Last_Time,data/edge_intention/audio/Moderat_-_Last_Time.pkl,data/edge_intention/light/Moderat_-_Last_Time.pkl,0.10859749710883561,0.005531399046655328,0.0,0.0,0.0,0.14010580248204518,0.34877060906073054,0.03391769027362374,0.027067056647322542,0.2658070921897888,0.22851525992155075,0.03804296538516364,0.030492373460473142,0.24443820577138786,0.10432451487234155,Generated
NTO_Einmusik_-_Petite_-_Einmusik_Remix,data/edge_intention/audio/NTO_Einmusik_-_Petite_-_Einmusik_Remix.pkl,data/edge_intention/light/NTO_Einmusik_-_Petite_-_Einmusik_Remix.pkl,0.26230138195142905,0.2494783474852006,0.0,0.0,0.0,0.0780268699022093,0.19607664970774674,0.2669169104045782,2.1106942581823627e-15,0.2874613404273987,0.2905521094799042,0.17059324314554322,0.13345845520229016,0.13705175980497802,0.14703448605093714,Generated
P!nk_-_Never_Gonna_Not_Dance_Again,data/edge_intention/audio/P!nk_-_Never_Gonna_Not_Dance_Again.pkl,data/edge_intention/light/P!nk_-_Never_Gonna_Not_Dance_Again.pkl,0.12236129513627468,-0.13382493098923098,0.0,0.0,0.0,0.3448436619402506,0.3760404914873348,0.027134152218898994,8.386756072626208e-05,0.2552277147769928,0.34476956725120544,-0.003821211950985434,0.013609009889812628,0.3604420767137927,0.12340995821753996,Generated
P!nk_-_Runaway,data/edge_intention/audio/P!nk_-_Runaway.pkl,data/edge_intention/light/P!nk_-_Runaway.pkl,0.09100528091500765,0.009893727550233938,0.0,0.0,0.0,0.1578249903381302,-0.172227990547444,0.009044717406301353,0.09081010872778497,0.2924191951751709,0.343713641166687,0.03363300282174719,0.04992741306704316,-0.007201500104656908,0.02545297192804448,Generated
Phoenix_-_1901,data/edge_intention/audio/Phoenix_-_1901.pkl,data/edge_intention/light/Phoenix_-_1901.pkl,0.1962998355774005,0.45288443350595425,0.0,0.0,0.0,-0.3725268219267305,0.31992734837370995,0.025396332972983313,0.15254791041889487,0.2744547426700592,0.2646865099668503,0.21639475636111824,0.0889721216959391,-0.026299736776510263,0.09302238042684902,Generated
Pretty_Pink_-_Suvi,data/edge_intention/audio/Pretty_Pink_-_Suvi.pkl,data/edge_intention/light/Pretty_Pink_-_Suvi.pkl,0.16650077016694353,0.2651229896557832,0.0,0.0,0.0,-0.0430689895956545,0.24012204097258094,0.009022353231108695,0.030111782703459218,0.2144213169813156,0.17552074790000916,0.14387458660757557,0.019567067967283955,0.09852652568846322,0.08732272675444092,Generated
Sam_Smith_Kim_Petras_-_Unholy_feat_Kim_Petras,data/edge_intention/audio/Sam_Smith_Kim_Petras_-_Unholy_feat_Kim_Petras.pkl,data/edge_intention/light/Sam_Smith_Kim_Petras_-_Unholy_feat_Kim_Petras.pkl,0.4513709311564388,0.07209417369871744,0.0,0.0,0.0,-0.3874362839654161,-0.041698303253511024,0.030149056328780312,0.030074509078138127,0.26360568404197693,0.36419355869293213,0.17448836828505207,0.030111782703459218,-0.21456729360946356,-0.003322380873650758,Generated
Sido_Andreas_Bourani_-_Astronaut,data/edge_intention/audio/Sido_Andreas_Bourani_-_Astronaut.pkl,data/edge_intention/light/Sido_Andreas_Bourani_-_Astronaut.pkl,0.05335049408620923,0.0007198495439993575,0.0,0.0,0.0,0.6407502958925003,0.00594968216702238,0.1538461538461568,0.0977696957177785,0.28836819529533386,0.33030928671360016,0.018023447876736196,0.12580792478196764,0.32334998902976136,0.15572712056282173,Generated
Taylor_Swift_-_Anti-Hero,data/edge_intention/audio/Taylor_Swift_-_Anti-Hero.pkl,data/edge_intention/light/Taylor_Swift_-_Anti-Hero.pkl,0.10871319215734354,0.247280695346643,0.0,0.0,0.0,0.012059388997743115,0.08779909826993057,2.1106942581823627e-15,0.01933361189094648,0.34064415097236633,0.3165823966264725,0.11866462916799551,0.009666805945474295,0.04992924363383684,0.059420226249102225,Generated
Taylor_Swift_-_Ready_For_It,data/edge_intention/audio/Taylor_Swift_-_Ready_For_It.pkl,data/edge_intention/light/Taylor_Swift_-_Ready_For_It.pkl,0.2620636659693353,0.03223299513340522,0.0,0.0,0.0,0.43916966275362646,-0.028633555071778963,0.01130589675787669,6.709557157771773e-05,0.27856647968292236,0.3177517354488373,0.09809888703424684,0.005686496164727203,0.20526805384092375,0.1030178123466326,Generated
Taylor_Swift_-_Shake_It_Off,data/edge_intention/audio/Taylor_Swift_-_Shake_It_Off.pkl,data/edge_intention/light/Taylor_Swift_-_Shake_It_Off.pkl,0.08537374251167054,0.0038666057692133392,0.0,0.0,0.0,0.026714095212878153,0.12885953892396537,0.01806706962207553,0.01594153112359725,0.3943934142589569,0.28785474598407745,0.02974678276029463,0.01700430037283639,0.07778681706842176,0.04151263340051759,Generated
The_Chemical_Brothers_-_Go,data/edge_intention/audio/The_Chemical_Brothers_-_Go.pkl,data/edge_intention/light/The_Chemical_Brothers_-_Go.pkl,0.15495481030152658,-0.29318518590060283,0.0,0.0,0.0,0.4267977804176547,-0.10709840224512404,0.12787970681506078,0.017000781772796205,0.32934412360191345,0.2935483008623123,-0.04607679186635875,0.0724402442939285,0.15984968908626535,0.062071047171278364,Generated
The_Streets_-_Who_s_Got_The_Bag,data/edge_intention/audio/The_Streets_-_Who_s_Got_The_Bag.pkl,data/edge_intention/light/The_Streets_-_Who_s_Got_The_Bag.pkl,0.2570555579030296,0.291933937401281,0.0,0.0,0.0,0.25802660041996334,0.14510058070463133,2.5805989067865892e-05,0.013567076109449497,0.336960107088089,0.24280478060245514,0.1829964984347702,0.006796441049258682,0.20156359056229733,0.13045217668210873,Generated
The_Weeknd_-_Blinding_Lights,data/edge_intention/audio/The_Weeknd_-_Blinding_Lights.pkl,data/edge_intention/light/The_Weeknd_-_Blinding_Lights.pkl,0.20764575271879887,-0.032479794298358886,0.0,0.0,0.0,0.18991767981324686,-0.3753511259179416,0.01353353136965722,0.127134150695901,0.3551129102706909,0.30571164190769196,0.058388652806813324,0.0703338410327791,-0.09271672305234738,0.012001923595748356,Generated
The_Weeknd_-_Can_t_Feel_My_Face,data/edge_intention/audio/The_Weeknd_-_Can_t_Feel_My_Face.pkl,data/edge_intention/light/The_Weeknd_-_Can_t_Feel_My_Face.pkl,0.16393505168229594,0.22449797353468853,0.0,0.0,0.0,0.05549376940520985,-0.0003064560679385264,3.857499697003873e-23,2.1430553866265755e-23,0.37707018852233887,0.3235568553209305,0.12947767507232816,3.000277541815224e-23,0.027593656668635662,0.052357110580321276,Generated
DK2020-03-RGZ,data/edge_intention/audio_ground_truth/DK2020-03-RGZ.pkl,data/edge_intention/light_ground_truth/DK2020-03-RGZ.pkl,0.1111646811161193,0.05629865017502722,0.0,0.0,0.0,0.3117810654778077,0.5322085279050146,0.0018248758474318115,0.04038507457912491,0.1337386810582481,0.0,0.055821110430382175,0.02110497521327836,0.42199479669141116,0.16630696077835724,Ground Truth
DK2020-04-SNMSK,data/edge_intention/audio_ground_truth/DK2020-04-SNMSK.pkl,data/edge_intention/light_ground_truth/DK2020-04-SNMSK.pkl,0.3788104819407986,0.5235310641723472,0.0,0.0,0.0,0.29065124838135237,0.05587860963590324,0.025127775694512976,0.14187360684287062,0.22694738756594646,0.0,0.3007805153710486,0.08350069126869179,0.1732649290086278,0.1858487118827894,Ground Truth
DK2020-05-Dinge,data/edge_intention/audio_ground_truth/DK2020-05-Dinge.pkl,data/edge_intention/light_ground_truth/DK2020-05-Dinge.pkl,0.18717329686954096,0.3895502099980798,0.0,0.0,0.0,0.4491929211469816,0.5279582456648768,0.004083542556349582,0.12877587473076724,0.14206898006109397,0.0,0.1922411689558736,0.0664297086435584,0.4885755834059292,0.24908215366845374,Ground Truth
DK2020-06-Quasi,data/edge_intention/audio_ground_truth/DK2020-06-Quasi.pkl,data/edge_intention/light_ground_truth/DK2020-06-Quasi.pkl,0.4610258596066185,0.5950990878867978,0.0,0.0,0.0,-0.13725046485598805,0.012928545417582364,0.008718348650794386,0.0032941551291110283,0.20991953083278383,0.0,0.35204164916447206,0.006006251889952708,-0.06216095971920284,0.09862898044507397,Ground Truth
DK2020-07-Knallbonbon,data/edge_intention/audio_ground_truth/DK2020-07-Knallbonbon.pkl,data/edge_intention/light_ground_truth/DK2020-07-Knallbonbon.pkl,0.27645037726340466,0.2810053483391344,0.0,0.0,0.0,0.5241775763361133,0.36698332491351693,0.018385245433659686,0.013133035781812108,0.19540007309214655,0.0,0.18581857520084633,0.015759140607735898,0.4455804506248151,0.21571938881113242,Ground Truth
DK2020-08-Autonom,data/edge_intention/audio_ground_truth/DK2020-08-Autonom.pkl,data/edge_intention/light_ground_truth/DK2020-08-Autonom.pkl,0.38704444484284356,0.45582797151086546,0.0,0.0,0.0,0.5681319548465287,-0.008602184976088431,0.08639053837639632,0.003712111349297912,0.134314923690113,0.0,0.280957472117903,0.04505132486284712,0.2797648849352201,0.20192456063865674,Ground Truth
DK2020-09-Party2,data/edge_intention/audio_ground_truth/DK2020-09-Party2.pkl,data/edge_intention/light_ground_truth/DK2020-09-Party2.pkl,0.4108091584764572,0.6674620345416782,0.0,0.0,0.0,0.6780849625837932,0.24909465521552443,0.061145274449467546,0.004430584513676111,0.2307530275644027,0.0,0.35942373100604513,0.03278792948157183,0.46358980889965884,0.28526715646242523,Ground Truth
DK2020-10-Cliffhanger,data/edge_intention/audio_ground_truth/DK2020-10-Cliffhanger.pkl,data/edge_intention/light_ground_truth/DK2020-10-Cliffhanger.pkl,-0.00811637801899848,0.5029645496700127,0.0,0.0,0.0,0.2593997717981118,0.3557330811730234,0.010810117941996966,0.426114711284203,0.266006110316003,0.0,0.16494939055033805,0.21846241461309998,0.3075664264855676,0.23032607721633522,Ground Truth
DK2020-11-Welt,data/edge_intention/audio_ground_truth/DK2020-11-Welt.pkl,data/edge_intention/light_ground_truth/DK2020-11-Welt.pkl,0.14506512730130525,0.3948248749684348,0.0,0.0,0.0,0.7317294272727937,0.48112453622215456,0.0020324477720357545,2.1926657385374778e-06,0.1327753807491753,0.0,0.17996333408991336,0.001017320218887146,0.6064269817474741,0.2624692120187582,Ground Truth
DK2020-12-WSDD,data/edge_intention/audio_ground_truth/DK2020-12-WSDD.pkl,data/edge_intention/light_ground_truth/DK2020-12-WSDD.pkl,0.044755821726965864,0.46757682152102886,0.0,0.0,0.0,0.7611162119666828,0.29805633848913454,0.011381835677956111,0.044744569009362335,0.2719439872071079,0.0015779646318603553,0.1707775477493316,0.02806320234365922,0.5295862752279087,0.24280900844029984,Ground Truth
DK2020-13-Voodoo,data/edge_intention/audio_ground_truth/DK2020-13-Voodoo.pkl,data/edge_intention/light_ground_truth/DK2020-13-Voodoo.pkl,0.4353111605013499,0.41485775667786895,0.0,0.0,0.0,0.5206186270769091,0.5942699070258848,0.05136057016059206,0.028105116417744925,0.20632442852827068,0.07282037068650507,0.28338963905973963,0.03973284328916849,0.5574442670513969,0.2935222498001017,Ground Truth
DK2020-14-Geist,data/edge_intention/audio_ground_truth/DK2020-14-Geist.pkl,data/edge_intention/light_ground_truth/DK2020-14-Geist.pkl,0.17969518497260398,0.525455730604622,0.0,0.0,0.0,0.5342892144231339,0.5017541401422905,0.05429895936879772,0.02374339589287487,0.1522137344828971,0.013158947921354311,0.23505030519240866,0.0390211776308363,0.5180216772827122,0.26403105336865235,Ground Truth
DK2020-15-Gewinne,data/edge_intention/audio_ground_truth/DK2020-15-Gewinne.pkl,data/edge_intention/light_ground_truth/DK2020-15-Gewinne.pkl,0.5738981780428583,0.8349333994006427,0.0,0.0,0.0,0.4864742022267851,0.3747598238762564,0.016317582618311045,0.014965430419300759,0.20827971005613127,0.0,0.4696105258145003,0.0156415065188059,0.4306170130515208,0.30528968179494237,Ground Truth
DK2020-16-IllegaleFanss,data/edge_intention/audio_ground_truth/DK2020-16-IllegaleFanss.pkl,data/edge_intention/light_ground_truth/DK2020-16-IllegaleFanss.pkl,0.5951987576466796,0.5863022830760134,0.0,0.0,0.0,0.3423376918523208,0.11880102338074028,0.03952185575795829,0.045102057107307296,0.36669806337221017,0.0,0.3938336802408977,0.04231195643263279,0.23056935761653055,0.22223833143002036,Ground Truth
DK2020-17-BueckDichHoch,data/edge_intention/audio_ground_truth/DK2020-17-BueckDichHoch.pkl,data/edge_intention/light_ground_truth/DK2020-17-BueckDichHoch.pkl,0.24111546953605917,0.36105298738066904,0.0,0.0,0.0,-0.5205623769658321,0.18821138236140378,0.012523454635955248,0.06882853074466765,0.26447953941806,0.0,0.20072281897224276,0.04067599269031145,-0.16617549730221415,0.02507443812011335,Ground Truth
DK2020-18-LeiderGeil,data/edge_intention/audio_ground_truth/DK2020-18-LeiderGeil.pkl,data/edge_intention/light_ground_truth/DK2020-18-LeiderGeil.pkl,0.2730218214906054,0.4666972039322418,0.0,0.0,0.0,0.686973902302968,0.41517726618480455,0.0012846960241997916,0.024881985078031885,0.3151944971820315,0.04930700331194459,0.2465730084742824,0.01308334055111584,0.5510755842438863,0.27024397775642817,Ground Truth
DK2020-19-KommSchon,data/edge_intention/audio_ground_truth/DK2020-19-KommSchon.pkl,data/edge_intention/light_ground_truth/DK2020-19-KommSchon.pkl,0.18492384172384657,0.5207010082928308,0.0,0.0,0.0,0.10592081114662671,0.37393324222245533,7.598499361602334e-15,0.22675770589216487,0.22524628014545872,0.03200120800659943,0.23520828333889246,0.11337885294608624,0.23992702668454102,0.19617138765650657,Ground Truth
DK2020-20-BonVozage,data/edge_intention/audio_ground_truth/DK2020-20-BonVozage.pkl,data/edge_intention/light_ground_truth/DK2020-20-BonVozage.pkl,0.5237677957732265,0.8672808565860359,0.0,0.0,0.0,0.47101355994319033,-0.1870206404175686,0.013217177036373859,0.009960565669667739,0.2951199556755667,0.10969184948105896,0.46368288411975417,0.011588871353020799,0.14199645976281086,0.20575607174519528,Ground Truth
DK2020-21-Sunshine,data/edge_intention/audio_ground_truth/DK2020-21-Sunshine.pkl,data/edge_intention/light_ground_truth/DK2020-21-Sunshine.pkl,0.22058750803153132,0.4085249974741204,0.0,0.0,0.0,-0.2729759284320398,-0.20262773588459257,7.9567438919514e-106,0.0,0.14528582022470177,0.012424528997402184,0.2097041685018839,3.9783719459757e-106,-0.23780183215831618,-0.00936588788547743,Ground Truth
DK2020-22-OMA,data/edge_intention/audio_ground_truth/DK2020-22-OMA.pkl,data/edge_intention/light_ground_truth/DK2020-22-OMA.pkl,-0.07532623148395946,-0.0215102595185867,0.0,0.0,0.0,0.7704186572700025,0.6825624750549684,0.014739529523363954,0.10925717629064112,0.2694076990837819,0.0,-0.03227883033418206,0.061998352907002535,0.7264905661624854,0.25207002957843533,Ground Truth
DK2020-23-ArbeitNervt,data/edge_intention/audio_ground_truth/DK2020-23-ArbeitNervt.pkl,data/edge_intention/light_ground_truth/DK2020-23-ArbeitNervt.pkl,0.4430835692499303,0.7223531466600663,0.0,0.0,0.0,0.7934013805310701,-0.01838479081517992,0.018623053097580156,0.02511323826424487,0.2271610085708416,0.0,0.38847890530333223,0.021868145680912512,0.3875082948579451,0.2659517819473966,Ground Truth
DK2020-24-BudeVollPeople,data/edge_intention/audio_ground_truth/DK2020-24-BudeVollPeople.pkl,data/edge_intention/light_ground_truth/DK2020-24-BudeVollPeople.pkl,0.4474612169550569,0.271500807373827,0.0,0.0,0.0,0.6365170448808468,0.6404809230484448,0.01528449210187662,0.2986651727056818,0.3250326382622443,0.0,0.23965400810962798,0.1569748324037792,0.6384989839646458,0.345042608159351,Ground Truth
DK2020-25-NiveauWeshalbWarum,data/edge_intention/audio_ground_truth/DK2020-25-NiveauWeshalbWarum.pkl,data/edge_intention/light_ground_truth/DK2020-25-NiveauWeshalbWarum.pkl,0.32662454434633154,0.4633800059073848,0.0,0.0,0.0,0.3250622428331165,0.03267963621690229,0.15092559432808486,0.09408389394146073,0.17501993215782438,0.0,0.2633348500845721,0.1225047441347728,0.1788709395250094,0.18823684458145143,Ground Truth
DK2020-26-Signale,data/edge_intention/audio_ground_truth/DK2020-26-Signale.pkl,data/edge_intention/light_ground_truth/DK2020-26-Signale.pkl,0.27353167806788914,0.49433162852686807,0.0,0.0,0.0,0.5398427288442026,0.6102062658003689,0.016726134537408715,0.13082808604592763,0.2749824379957956,0.013634629249736675,0.25595443553158576,0.07377711029166817,0.5750244973222858,0.3015853477151799,Ground Truth
DK2020-27-1000JHR,data/edge_intention/audio_ground_truth/DK2020-27-1000JHR.pkl,data/edge_intention/light_ground_truth/DK2020-27-1000JHR.pkl,0.2059289052966169,0.42144842961614787,0.0,0.0,0.0,-0.029087432003812128,0.047851716252427706,0.012218246291285439,0.13975490474720567,0.38056358163271153,0.08061509171022363,0.2091257783042549,0.07598657551924555,0.00938214212430779,0.09816483198260274,Ground Truth
DK2020-28-Sonate,data/edge_intention/audio_ground_truth/DK2020-28-Sonate.pkl,data/edge_intention/light_ground_truth/DK2020-28-Sonate.pkl,0.2633698811819202,0.3981034366944073,0.0,0.0,0.0,0.3215836164597177,-0.5640497072009969,0.023034274554653355,0.027753223171850836,0.24358909214758961,0.0,0.22049110595877583,0.025393748863252096,-0.12123304537063959,0.04155060315046278,Ground Truth
DK2020-29-Limit,data/edge_intention/audio_ground_truth/DK2020-29-Limit.pkl,data/edge_intention/light_ground_truth/DK2020-29-Limit.pkl,0.38460620844070054,0.5184210801101163,0.0,0.0,0.0,0.7539067107518607,0.22146823806342225,0.04429326678449754,0.02493263569865633,0.44095691009352106,0.0,0.3010090961836056,0.034612951241576935,0.4876874744076415,0.274436507277608,Ground Truth
DK2020-30-RemmiDemmi,data/edge_intention/audio_ground_truth/DK2020-30-RemmiDemmi.pkl,data/edge_intention/light_ground_truth/DK2020-30-RemmiDemmi.pkl,0.2826875290112077,0.57624656957284,0.0,0.0,0.0,0.4254179967145128,0.15683073893227006,0.0007887834061891156,0.004637977797387528,0.45190062970630585,0.0,0.28631136619468256,0.002713380601788322,0.29112436782339146,0.19338303820662076,Ground Truth
ID01JO02,data/edge_intention/audio_ground_truth/ID01JO02.pkl,data/edge_intention/light_ground_truth/ID01JO02.pkl,0.09951758278992656,-0.20736567571765052,0.0,0.0,0.0,-0.20015086692513245,-0.8687837749918319,0.05075073121372976,4.792323255931086e-05,0.25686080013176776,0.14063762274466673,-0.03594936430924132,0.025399327223144537,-0.5344673209584822,-0.18167245268152632,Ground Truth
ID01TJ02,data/edge_intention/audio_ground_truth/ID01TJ02.pkl,data/edge_intention/light_ground_truth/ID01TJ02.pkl,0.09711920336579113,-0.20059570415212463,0.0,0.0,0.0,0.04908728795151443,-0.012839114017834996,3.957551914912228e-16,0.07763473565889124,0.22075365474990027,0.09868436386411727,-0.03449216692877783,0.03881736782944582,0.018124086966839717,0.007483095955835903,Ground Truth
ID02HG02,data/edge_intention/audio_ground_truth/ID02HG02.pkl,data/edge_intention/light_ground_truth/ID02HG02.pkl,0.21691777767848663,0.5305108307067083,0.0,0.0,0.0,0.7034510227931203,-0.6514251840601694,8.387327200665885e-06,0.003666777738499317,0.3452724625872997,0.017716148077687198,0.24914286946173167,0.0018375825328499913,0.026012919366475484,0.09233112378701906,Ground Truth
ID02MR02,data/edge_intention/audio_ground_truth/ID02MR02.pkl,data/edge_intention/light_ground_truth/ID02MR02.pkl,0.21561435173131227,0.5877786254246988,0.0,0.0,0.0,0.8157489375348543,-0.5046317512595443,6.871962519775859e-44,0.034369648238296094,0.43697730950699337,0.282859814698015,0.2677976590520037,0.017184824119148047,0.15555859313765502,0.14684702543626893,Ground Truth
ID02TJ02,data/edge_intention/audio_ground_truth/ID02TJ02.pkl,data/edge_intention/light_ground_truth/ID02TJ02.pkl,0.1382573918973377,0.4017348785146959,0.0,0.0,0.0,0.7052669240133345,0.4519864163092868,0.10507665372047778,9.867443761392047e-06,0.2806266954327444,0.038384126440656044,0.1799974234706779,0.05254326058211958,0.5786266701613106,0.2703891180713694,Ground Truth
ID03HG02,data/edge_intention/audio_ground_truth/ID03HG02.pkl,data/edge_intention/light_ground_truth/ID03HG02.pkl,0.16208552505701607,-0.5996357226603144,0.0,0.0,0.0,-0.711818997736542,-0.33693620710776173,0.005927899406535333,0.057773002707324446,0.17963231794485587,0.037055373102183854,-0.1458500658677661,0.031850451056929886,-0.5243776024221518,-0.21279240574432934,Ground Truth
ID03JO02,data/edge_intention/audio_ground_truth/ID03JO02.pkl,data/edge_intention/light_ground_truth/ID03JO02.pkl,0.25716156676050883,-0.20333642779443944,0.0,0.0,0.0,-0.27691451440427917,-0.8581513521439074,1.3845447644434883e-09,0.10324279507859345,0.19760017798116672,0.14789398710430515,0.017941712988689795,0.05162139823156911,-0.5675329332740933,-0.16598994068461145,Ground Truth
ID03SJ02,data/edge_intention/audio_ground_truth/ID03SJ02.pkl,data/edge_intention/light_ground_truth/ID03SJ02.pkl,0.10941645672308419,-0.1503453914402324,0.0,0.0,0.0,0.8803276205634453,0.16681720754630333,1.6317862578261213e-09,1.0180685214490852e-44,0.3879199178492387,0.03325442785242036,-0.013642978239049405,8.158931289130606e-10,0.5235724140548743,0.16997647887723935,Ground Truth
ID03TJ02,data/edge_intention/audio_ground_truth/ID03TJ02.pkl,data/edge_intention/light_ground_truth/ID03TJ02.pkl,0.19661756444430992,-0.10448686960716771,0.0,0.0,0.0,-0.4489475997013678,0.35905677567145056,1.6922213787642634e-09,0.016958843233064402,0.27999646165453945,0.11130821735750471,0.030710231612380734,0.008479422462642891,-0.044945412014958636,-0.0019185859799783374,Ground Truth
ID04HG02,data/edge_intention/audio_ground_truth/ID04HG02.pkl,data/edge_intention/light_ground_truth/ID04HG02.pkl,0.4868406283042504,0.866302850563407,0.0,0.0,0.0,-0.23442319939101597,-0.7355545807093754,0.09083406925621072,4.7924320414102325e-05,0.27045754571087677,0.021007960271510195,0.4510478262892191,0.04544099678831241,-0.4849888900501957,0.0038333110091119393,Ground Truth
ID04JO02,data/edge_intention/audio_ground_truth/ID04JO02.pkl,data/edge_intention/light_ground_truth/ID04JO02.pkl,0.6372862882177605,0.8567967747626882,0.0,0.0,0.0,0.6360359794969944,-0.811102950720327,0.1771341506959023,0.13366699503498725,0.4135651166362876,0.21680544856636705,0.49802768766014954,0.15540057286544479,-0.0875334856116663,0.18863159163797602,Ground Truth
ID04SJ02,data/edge_intention/audio_ground_truth/ID04SJ02.pkl,data/edge_intention/light_ground_truth/ID04SJ02.pkl,0.7229202348330812,0.9776095187994818,0.0,0.0,0.0,0.9497513160605007,-0.8242764537954262,0.09081010818385946,0.08111933899032343,0.4405738794631686,0.23525323334402745,0.5668432512108543,0.08596472358709145,0.06273743113253721,0.23851513531016102,Ground Truth
ID04TJ02,data/edge_intention/audio_ground_truth/ID04TJ02.pkl,data/edge_intention/light_ground_truth/ID04TJ02.pkl,0.47450381885465626,0.972595843721598,0.0,0.0,0.0,0.9427278998019328,-0.8728004169347278,0.00619735076410328,0.010462017795184127,0.4347789493165073,0.11995647127265721,0.48236655419208474,0.008329684279643704,0.034963741433602535,0.17521999330177698,Ground Truth
ID05HG02,data/edge_intention/audio_ground_truth/ID05HG02.pkl,data/edge_intention/light_ground_truth/ID05HG02.pkl,0.5039290213059107,0.7728508565148517,0.0,0.0,0.0,0.26594292727971836,-0.5113835794869204,0.06691271089257948,0.023902433721038795,0.24884992032213787,0.10412987132370405,0.4255932926069208,0.04540757230680914,-0.12272032610360101,0.11609351293670965,Ground Truth
ID05JO02,data/edge_intention/audio_ground_truth/ID05JO02.pkl,data/edge_intention/light_ground_truth/ID05JO02.pkl,0.39063447217087144,0.6468304391299884,0.0,0.0,0.0,0.5032847875859245,-0.2908028650752245,0.09463922882204505,0.022583835758428383,0.2994552430863479,0.2773233858554854,0.3458216371002866,0.05861153229023672,0.10624096125535001,0.1702247102152911,Ground Truth
ID05SJ02,data/edge_intention/audio_ground_truth/ID05SJ02.pkl,data/edge_intention/light_ground_truth/ID05SJ02.pkl,0.40228743611740797,0.47437249324907477,0.0,0.0,0.0,0.3364339638698801,-0.3482538352826357,0.3515345869912362,0.05802480381624784,0.15847676701764632,0.23242351576462367,0.29221997645549425,0.20477969540374202,-0.005909935706377795,0.16369657871761947,Ground Truth
ID05TJ02,data/edge_intention/audio_ground_truth/ID05TJ02.pkl,data/edge_intention/light_ground_truth/ID05TJ02.pkl,0.2878158490390868,0.8434025031030912,0.0,0.0,0.0,0.1454005175450783,-0.8713435706622041,6.345824893630342e-10,0.03706188668466104,0.2595526294987136,0.3144145859247647,0.37707278404739264,0.018530943659621765,-0.3629715265585629,0.010877400382817167,Ground Truth
ID06HG02,data/edge_intention/audio_ground_truth/ID06HG02.pkl,data/edge_intention/light_ground_truth/ID06HG02.pkl,0.5296774060559076,0.8440088028881308,0.0,0.0,0.0,0.8418350026083867,0.9417457551463462,0.07373399586434105,2.1106943331893027e-15,0.3141553404119011,0.04731260507079628,0.4578954029813462,0.03686699793217158,0.8917903788773665,0.46218425993029477,Ground Truth
ID06JO02,data/edge_intention/audio_ground_truth/ID06JO02.pkl,data/edge_intention/light_ground_truth/ID06JO02.pkl,0.28381347213651315,-0.6071116893240377,0.0,0.0,0.0,0.026859251473738327,0.8014338328362389,0.09966761952414227,0.05411949716710695,0.2576747668304189,0.22439142379888383,-0.10776607239584152,0.07689355834562461,0.41414654215498864,0.12775800936825724,Ground Truth
ID06SJ02,data/edge_intention/audio_ground_truth/ID06SJ02.pkl,data/edge_intention/light_ground_truth/ID06SJ02.pkl,0.2800844016604117,0.34189610398881587,0.0,0.0,0.0,0.9805425371601393,0.953831821385664,0.12813512412454275,0.00016773729715848878,0.3066237823108768,0.0938914880949693,0.20732683521640918,0.06415143071085062,0.9671871792729017,0.41288848173338716,Ground Truth
ID07HG02,data/edge_intention/audio_ground_truth/ID07HG02.pkl,data/edge_intention/light_ground_truth/ID07HG02.pkl,0.6207381704702241,0.3958222984521947,0.0,0.0,0.0,0.4456910892779065,0.4042279383456123,2.5810675220350476e-05,0.1746927726408583,0.34811648997830763,0.23763705182405456,0.33885348964080625,0.08735929165803932,0.42495951381175945,0.2837240983702017,Ground Truth
ID08HG02,data/edge_intention/audio_ground_truth/ID08HG02.pkl,data/edge_intention/light_ground_truth/ID08HG02.pkl,0.43171864842124946,0.9038640136385215,0.0,0.0,0.0,0.8691190037158746,-0.7181370297441019,0.07521913480448504,0.07763473615018217,0.37212365579974627,0.08286951964203622,0.44519422068659037,0.0764269354773336,0.07549098698588635,0.19903738104993676,Ground Truth
ID08MR02,data/edge_intention/audio_ground_truth/ID08MR02.pkl,data/edge_intention/light_ground_truth/ID08MR02.pkl,0.43684572539873395,0.5213350111736761,0.0,0.0,0.0,0.9653283141913803,-0.3262387707564307,0.14195884513681345,0.019381539474926768,0.2456019481328929,0.025861135834634088,0.31939357885747,0.08067019230587011,0.3195447717174748,0.239869514293605,Ground Truth
ID09HG02,data/edge_intention/audio_ground_truth/ID09HG02.pkl,data/edge_intention/light_ground_truth/ID09HG02.pkl,0.3914038242379312,0.5765427406304736,0.0,0.0,0.0,0.3516584017132147,-0.3989458380139876,0.016916912308324056,0.3334451567476307,0.2662462304200771,0.14632643189824374,0.32264885495613493,0.17518103452797737,-0.023643718150386434,0.15806205711124197,Ground Truth
NC2023_01_Mangos,data/edge_intention/audio_ground_truth/NC2023_01_Mangos.pkl,data/edge_intention/light_ground_truth/NC2023_01_Mangos.pkl,0.1437297608682753,0.15033511867967725,0.0,0.0,0.0,0.5110119984468124,0.2008137952077643,0.03997542925048655,0.021323451387899463,0.19447487232621594,2.7755575615628915e-18,0.09802162651598419,0.030649440319193005,0.3559128968272884,0.16152798788748854,Ground Truth
NC2023_02_Wildberry_Lillet,data/edge_intention/audio_ground_truth/NC2023_02_Wildberry_Lillet.pkl,data/edge_intention/light_ground_truth/NC2023_02_Wildberry_Lillet.pkl,0.1876996285363814,0.07844713935815065,0.0,0.0,0.0,0.5406904854605685,-0.1322488645971756,3.0460010146087453e-09,6.709557157645131e-05,0.13820084427619123,0.07024903324687222,0.08871558929817736,3.354930878873296e-05,0.20422081043169646,0.09765664967955419,Ground Truth
NC2023_03_Alte_Bilder,data/edge_intention/audio_ground_truth/NC2023_03_Alte_Bilder.pkl,data/edge_intention/light_ground_truth/NC2023_03_Alte_Bilder.pkl,0.16295569449582964,-0.14643179528237282,0.0,0.0,0.0,0.389399945122892,0.2812281617239029,2.204265665731613e-71,5.591043798375197e-05,0.2239463673294187,0.04776364511774324,0.005507966404485605,2.7955218991875987e-05,0.3353140534233975,0.11361665834895833,Ground Truth
NC2023_04_Mondlicht,data/edge_intention/audio_ground_truth/NC2023_04_Mondlicht.pkl,data/edge_intention/light_ground_truth/NC2023_04_Mondlicht.pkl,0.017418687519320394,-0.020519762160027297,0.0,0.0,0.0,0.06013291003083074,-0.0003293167811536969,0.00016773131395125593,0.00016773131395125593,0.1377634680138684,0.07039479598726542,-0.001033691546902301,0.00016773131395125593,0.029901796624838523,0.009678612130629158,Ground Truth
NC2023_05_Neben_Mir,data/edge_intention/audio_ground_truth/NC2023_05_Neben_Mir.pkl,data/edge_intention/light_ground_truth/NC2023_05_Neben_Mir.pkl,0.08649925577569333,0.5057073985866773,0.0,0.0,0.0,0.7435767767955527,0.08729518083273706,0.08789633392485863,9.585081654140593e-05,0.1423081780117808,0.05598587092582393,0.1974022181207902,0.04399609237070002,0.41543597881414485,0.21894476310187835,Ground Truth
NC2023_06_Fieber,data/edge_intention/audio_ground_truth/NC2023_06_Fieber.pkl,data/edge_intention/light_ground_truth/NC2023_06_Fieber.pkl,0.16238065713403999,0.3298345563382773,0.0,0.0,0.0,0.35608037850916185,0.13056271496909938,5.591043798586267e-05,0.02261179351574916,0.18842236101674434,0.0482614945770834,0.16407173782410575,0.011333851976867511,0.24332154673913062,0.13957571218003462,Ground Truth
NC2023_07_Glatteis,data/edge_intention/audio_ground_truth/NC2023_07_Glatteis.pkl,data/edge_intention/light_ground_truth/NC2023_07_Glatteis.pkl,0.2653149575210225,0.2955020862539983,0.0,0.0,0.0,-0.10387226697863161,0.5990092952882344,0.030401928953398022,0.027051477906068842,0.12976053984065988,0.07627455877483327,0.1869390145916736,0.028726703429733432,0.2475685141548014,0.15441141072540282,Ground Truth
NC2023_08_Sakura,data/edge_intention/audio_ground_truth/NC2023_08_Sakura.pkl,data/edge_intention/light_ground_truth/NC2023_08_Sakura.pkl,0.037149678777661364,0.43617098664290427,0.0,0.0,0.0,0.5743011675327251,0.3677997888100495,0.2135670745864522,1.524899354125386e-05,0.16855050022970486,0.06650825133478223,0.15777355514018854,0.10679116178999672,0.4710504781713873,0.24520506503385753,Ground Truth
NC2023_09_Ich_Glaub,data/edge_intention/audio_ground_truth/NC2023_09_Ich_Glaub.pkl,data/edge_intention/light_ground_truth/NC2023_09_Ich_Glaub.pkl,0.1447066702862463,0.24038866637399336,0.0,0.0,0.0,0.7597024411414375,0.35537516220935556,0.05541493848548243,1.2691656822908158e-09,0.27768377148631396,0.02715125462559263,0.12836511222007987,0.027707469877324056,0.5575388016753965,0.23787046125760014,Ground Truth
NC2023_10_Femin,data/edge_intention/audio_ground_truth/NC2023_10_Femin.pkl,data/edge_intention/light_ground_truth/NC2023_10_Femin.pkl,0.12281046842636459,0.4594833694536797,0.0,0.0,0.0,0.3960037632349701,-0.25287241559921664,0.02773201677453699,0.041685068542165894,0.2736646066300076,0.0701078684757913,0.19409794596001476,0.03470854265835144,0.07156567381787673,0.10012405414541431,Ground Truth
NC2023_12_Freitag,data/edge_intention/audio_ground_truth/NC2023_12_Freitag.pkl,data/edge_intention/light_ground_truth/NC2023_12_Freitag.pkl,-0.002278441334405944,0.037419835861435685,0.0,0.0,0.0,0.7929087455788337,0.3625693181832764,0.1643081704698021,0.04937699093715074,0.16203376679434472,0.035395612258046924,0.01171379817567658,0.10684258070347641,0.5777390318810551,0.23209847025340272,Ground Truth
NC2023_13_Tracksuit,data/edge_intention/audio_ground_truth/NC2023_13_Tracksuit.pkl,data/edge_intention/light_ground_truth/NC2023_13_Tracksuit.pkl,0.20141948232958679,0.27126365982945966,0.0,0.0,0.0,0.3097864686140275,-0.1333602828470855,0.00016773892894112827,2.7487850079102147e-43,0.23490526163940614,0.1813024628613758,0.15756104738634882,8.386946447056413e-05,0.08821309288347098,0.08195266991143012,Ground Truth
NC2023_14_Lights_Out,data/edge_intention/audio_ground_truth/NC2023_14_Lights_Out.pkl,data/edge_intention/light_ground_truth/NC2023_14_Lights_Out.pkl,0.09115719623353358,0.13813238491569485,0.0,0.0,0.0,0.08281743873224393,0.04533797751899697,1.3743925039551074e-43,0.1353352832366127,0.2026844184159219,0.04967723612973973,0.07642986038307614,0.06766764161830635,0.06407770812562044,0.06939173670900098,Ground Truth
NC2023_15_Glas,data/edge_intention/audio_ground_truth/NC2023_15_Glas.pkl,data/edge_intention/light_ground_truth/NC2023_15_Glas.pkl,0.04804579355583932,-0.07460593342208693,0.0,0.0,0.0,0.522370751030386,-0.04308089031229581,0.0,2.7487850079102147e-43,0.032073227790729804,0.04473296861926821,-0.008853379955415871,1.3743925039551074e-43,0.2396449303590451,0.07693051680120974,Ground Truth
NC2023_16_Ich_hasse,data/edge_intention/audio_ground_truth/NC2023_16_Ich_hasse.pkl,data/edge_intention/light_ground_truth/NC2023_16_Ich_hasse.pkl,0.0962994273334179,0.34531761593120913,0.0,0.0,0.0,0.8786320839794245,-0.2168509036876169,0.0034085425395092095,0.18160723914904764,0.24880351545815374,0.0,0.147205681088209,0.09250789084427842,0.33089059014590383,0.19020138735946376,Ground Truth
NC2023_17_Tinitus,data/edge_intention/audio_ground_truth/NC2023_17_Tinitus.pkl,data/edge_intention/light_ground_truth/NC2023_17_Tinitus.pkl,0.05691986038290872,0.1587975325448199,0.0,0.0,0.0,0.463958177164715,-0.055466293172787215,0.045111766155530815,9.643749239819589e-23,0.21778420153017186,0.05378638945783035,0.07190579764257621,0.022555883077765407,0.20424594199596388,0.09956920757210182,Ground Truth
NC2023_18_Alles_Gleich,data/edge_intention/audio_ground_truth/NC2023_18_Alles_Gleich.pkl,data/edge_intention/light_ground_truth/NC2023_18_Alles_Gleich.pkl,0.28793375803001986,0.5232591937010131,0.0,0.0,0.0,0.7429252401222565,0.5195826480239149,1.9287498479639178e-22,5.380186160021138e-32,0.275097716149688,0.03522946696963208,0.270397650577011,9.643749242509682e-23,0.6312539440730857,0.30055053155003225,Ground Truth
NC2024_01_WerIstWiederDa,data/edge_intention/audio_ground_truth/NC2024_01_WerIstWiederDa.pkl,data/edge_intention/light_ground_truth/NC2024_01_WerIstWiederDa.pkl,0.2586646183952332,0.30327944322097294,0.0,0.0,0.0,0.8263688283412691,0.7203259656663599,0.05082985761206133,0.018833664010944773,0.3398417855493053,0.20430931997027246,0.18731468720540204,0.03483176081150305,0.7733473970038145,0.3318312816735732,Ground Truth
NC2024_02_MangosMitChilli,data/edge_intention/audio_ground_truth/NC2024_02_MangosMitChilli.pkl,data/edge_intention/light_ground_truth/NC2024_02_MangosMitChilli.pkl,0.4394249743474925,0.5133894913154818,0.0,0.0,0.0,0.7493571550450566,-0.04884701105229807,1.1281471167996596e-09,0.004857366764728572,0.23156004780061287,0.1031708575715121,0.3176048218876581,0.0024286839464378444,0.3502550719963793,0.22342952594349175,Ground Truth
NC2024_03_SommerInDerStadt,data/edge_intention/audio_ground_truth/NC2024_03_SommerInDerStadt.pkl,data/edge_intention/light_ground_truth/NC2024_03_SommerInDerStadt.pkl,0.2094208997160991,0.08534682439619903,0.0,0.0,0.0,0.6133689149840046,-0.15689159160117366,0.008752953802548551,0.0454170373477455,0.19189820896430435,0.03167373007949507,0.09825590803743271,0.027084995575147024,0.22823866169141546,0.11785985510133173,Ground Truth
NC2024_04_TracksuitVelours,data/edge_intention/audio_ground_truth/NC2024_04_TracksuitVelours.pkl,data/edge_intention/light_ground_truth/NC2024_04_TracksuitVelours.pkl,0.2253827324544197,0.359440463629763,0.0,0.0,0.0,0.714730487813835,0.37362168314607747,0.03383382080915423,0.031231220379987934,0.16318889800990327,0.07773708054602557,0.19494106536139424,0.03253252059457108,0.5441760854799562,0.25721655714530717,Ground Truth
NC2024_05_IchWillHeutNichtMehrGehn,data/edge_intention/audio_ground_truth/NC2024_05_IchWillHeutNichtMehrGehn.pkl,data/edge_intention/light_ground_truth/NC2024_05_IchWillHeutNichtMehrGehn.pkl,0.1868752119892392,0.1787471282152373,0.0,0.0,0.0,0.6309066342873724,-0.43645624163389496,4.6151684029415976e-10,0.10102103653651977,0.31304479621955944,0.10570334444017264,0.12187411340149217,0.0505105184990183,0.0972251963267387,0.08986994274241639,Ground Truth
NC2024_06_80QM,data/edge_intention/audio_ground_truth/NC2024_06_80QM.pkl,data/edge_intention/light_ground_truth/NC2024_06_80QM.pkl,0.09657267919014961,0.1689475998823709,0.0,0.0,0.0,0.57138659398928,-0.4318635942151418,0.08217989151685337,0.08738509354672562,0.2148823336360862,0.029911701936923614,0.08850675969084017,0.08478249253178949,0.06976149988706912,0.08101691736989959,Ground Truth
NC2024_07_Randali,data/edge_intention/audio_ground_truth/NC2024_07_Randali.pkl,data/edge_intention/light_ground_truth/NC2024_07_Randali.pkl,0.021720230092758138,0.2692951408320601,0.0,0.0,0.0,0.48381166616448273,0.5221096877303583,0.04129101926474798,0.06167153726721287,0.1986996122554108,0.0031001027465516486,0.09700512364160607,0.051481278265980424,0.5029606769474205,0.21714902628500235,Ground Truth
NC2024_08_SchwarzWeiss,data/edge_intention/audio_ground_truth/NC2024_08_SchwarzWeiss.pkl,data/edge_intention/light_ground_truth/NC2024_08_SchwarzWeiss.pkl,0.2600671263227463,0.2770867479073701,0.0,0.0,0.0,0.811842582426223,0.08600794331522874,0.3333333333333333,0.07571138407296633,0.22081373730420467,0.0,0.1790512914100388,0.20452235870314983,0.44892526287072587,0.27749963766130487,Ground Truth
NC2024_09_Tinnitus,data/edge_intention/audio_ground_truth/NC2024_09_Tinnitus.pkl,data/edge_intention/light_ground_truth/NC2024_09_Tinnitus.pkl,0.1761868165167332,0.010569753449751928,0.0,0.0,0.0,0.8493928759171707,0.3199345414384329,6.709252558050237e-05,8.574031242141413e-57,0.2715489574354146,0.06612242422349782,0.06225218998882837,3.354626279025118e-05,0.5846637086778018,0.21564981497647348,Ground Truth
NC2024_10_Glas,data/edge_intention/audio_ground_truth/NC2024_10_Glas.pkl,data/edge_intention/light_ground_truth/NC2024_10_Glas.pkl,-0.01439038998778536,-0.12720964583731867,0.0,0.0,0.0,0.29675331048007936,-0.27077158605502544,0.0,0.0,0.018357907927047425,0.03193290422737044,-0.04720001194170134,0.0,0.01299086221252696,-0.011403049909724794,Ground Truth
NC2024_11_NichtAllein,data/edge_intention/audio_ground_truth/NC2024_11_NichtAllein.pkl,data/edge_intention/light_ground_truth/NC2024_11_NichtAllein.pkl,0.034504221182614446,-0.073682079337542,0.0,0.0,0.0,-0.16971244090432883,0.291772210522558,0.0,0.0,0.002483502427296231,0.0,-0.01305928605164252,0.0,0.061029884809114573,0.015990199585824018,Ground Truth
NC2024_12_Unknown,data/edge_intention/audio_ground_truth/NC2024_12_Unknown.pkl,data/edge_intention/light_ground_truth/NC2024_12_Unknown.pkl,0.032981030904648934,-0.02762229516374435,0.0,0.0,0.0,0.0,0.0,0.0,0.0,0.0,0.0,0.0017862452469681947,0.0,0.0,0.0005954150823227316,Ground Truth
NC2024_13_Freitag,data/edge_intention/audio_ground_truth/NC2024_13_Freitag.pkl,data/edge_intention/light_ground_truth/NC2024_13_Freitag.pkl,0.2748308134225337,0.47345252659263193,0.0,0.0,0.0,0.6779477432721313,0.40399393334206346,0.05414888217843761,0.12923971366388848,0.36761507903488727,0.25095384216377326,0.2494277800050552,0.09169429792116304,0.5409708383070974,0.29403097207777185,Ground Truth
NC2024_14_IchHassDich,data/edge_intention/audio_ground_truth/NC2024_14_IchHassDich.pkl,data/edge_intention/light_ground_truth/NC2024_14_IchHassDich.pkl,0.2611589630605569,0.23200237899912923,0.0,0.0,0.0,0.45485975325422157,-0.36111375759539294,0.08230001995544671,0.019242971160450935,0.296733087853656,0.03209062702656047,0.1643871140198954,0.050771495557948826,0.046872997829414315,0.08734386913575283,Ground Truth
NC2024_15_NebenMir,data/edge_intention/audio_ground_truth/NC2024_15_NebenMir.pkl,data/edge_intention/light_ground_truth/NC2024_15_NebenMir.pkl,0.19388508958264794,0.4287085867479759,0.0,0.0,0.0,0.7535325086381007,-0.1757445609305681,6.332082774547088e-15,0.045111766155530815,0.1838108186834838,0.06843153959632926,0.2075312254435413,0.022555883077768575,0.2888939738537663,0.1729936941250254,Ground Truth
NC2024_16_Fieber,data/edge_intention/audio_ground_truth/NC2024_16_Fieber.pkl,data/edge_intention/light_ground_truth/NC2024_16_Fieber.pkl,0.11690252738011345,0.6103679256560794,0.0,0.0,0.0,0.5100802759384886,0.33841336564360425,0.06766764161830635,7.614996204439089e-09,0.36517608936703166,0.10510023125629676,0.24242348434539762,0.03383382461665128,0.4242468207910464,0.23350137658436512,Ground Truth
NC2024_17_Glatteis,data/edge_intention/audio_ground_truth/NC2024_17_Glatteis.pkl,data/edge_intention/light_ground_truth/NC2024_17_Glatteis.pkl,0.36139164801434975,0.534463729882509,0.0,0.0,0.0,0.5400883707901734,0.5948479294475468,0.13470142561371445,0.007146451415463735,0.21663324156068847,0.10593296465843208,0.2986184592989529,0.0709239385145891,0.5674681501188601,0.3123368493108007,Ground Truth
NC2024_18_Sakura,data/edge_intention/audio_ground_truth/NC2024_18_Sakura.pkl,data/edge_intention/light_ground_truth/NC2024_18_Sakura.pkl,0.3369507203665888,0.545894208798323,0.0,0.0,0.0,0.6601547498353629,0.2840355482297544,1.6885554194042225e-15,0.009022353231106164,0.29429355609762303,0.06044854744402449,0.29428164305497057,0.004511176615553926,0.47209514903255867,0.25696265623436104,Ground Truth
NC2024_19_AllesGleich,data/edge_intention/audio_ground_truth/NC2024_19_AllesGleich.pkl,data/edge_intention/light_ground_truth/NC2024_19_AllesGleich.pkl,0.11566098897610644,0.5312811323785434,0.0,0.0,0.0,0.6710009375715967,0.36321026476288854,9.643749242509682e-23,0.02255588053943756,0.3732797614414741,0.10773523027441112,0.21564737378488327,0.01127794026971878,0.5171056011672426,0.2480103050739482,Ground Truth
NC2024_20_WildberryLillet,data/edge_intention/audio_ground_truth/NC2024_20_WildberryLillet.pkl,data/edge_intention/light_ground_truth/NC2024_20_WildberryLillet.pkl,0.2608986800620256,0.3238711045693078,0.0,0.0,0.0,-0.2838025090821776,0.15926951591886782,0.007162637285099414,0.010257756431832665,0.23863893769647962,0.21792928347419233,0.1949232615437778,0.00871019685846604,-0.06226649658165488,0.04712232060686298,Ground Truth
NC2024_21_Waldbrand,data/edge_intention/audio_ground_truth/NC2024_21_Waldbrand.pkl,data/edge_intention/light_ground_truth/NC2024_21_Waldbrand.pkl,-0.017017096792634374,0.05676696771279094,0.0,0.0,0.0,0.6008915161926087,0.403042806450362,0.1081930039435919,0.07624306374358412,0.36010754052201943,0.09671451981381099,0.013249956973385523,0.09221803384358801,0.5019671613214853,0.20247838404615295,Ground Truth
NC2024_22_KommtIhrMit,data/edge_intention/audio_ground_truth/NC2024_22_KommtIhrMit.pkl,data/edge_intention/light_ground_truth/NC2024_22_KommtIhrMit.pkl,0.1896601362915658,0.31257293407152154,0.0,0.0,0.0,0.31498585408353064,0.5145498795679225,0.04378215931903937,0.07549438965202326,0.34689144294590857,0.007618057174762588,0.16741102345436243,0.059638274485531315,0.4147678668257266,0.21393905492187346,Ground Truth
SB2023_01,data/edge_intention/audio_ground_truth/SB2023_01.pkl,data/edge_intention/light_ground_truth/SB2023_01.pkl,0.3073987439250663,0.5980354793637654,0.0,0.0,0.0,0.7616823907683914,0.46539514022537765,0.05448943817490364,0.048000263832214306,0.22714990732828183,0.07778664369902491,0.3018114077629439,0.051244851003558974,0.6135387654968845,0.32219834142112913,Ground Truth
SB2023_02,data/edge_intention/audio_ground_truth/SB2023_02.pkl,data/edge_intention/light_ground_truth/SB2023_02.pkl,0.39399422168619924,0.931712372622665,0.0,0.0,0.0,0.9111547729969796,0.8052707673839241,0.010053829025120814,0.00542347520830209,0.10393264645538636,0.09398064651089572,0.4419021981029547,0.007738652116711452,0.8582127701904518,0.4359512068033727,Ground Truth
SB2023_03,data/edge_intention/audio_ground_truth/SB2023_03.pkl,data/edge_intention/light_ground_truth/SB2023_03.pkl,0.3866719658639416,0.32942048892530273,0.0,0.0,0.0,0.8082886791759756,0.09939728269791025,0.12341502274749441,0.05730744421622935,0.18902573377755796,0.038250838355879696,0.2386974849297481,0.09036123348186188,0.4538429809369429,0.2609672331161843,Ground Truth
SB2023_04,data/edge_intention/audio_ground_truth/SB2023_04.pkl,data/edge_intention/light_ground_truth/SB2023_04.pkl,0.2282798486890153,0.4255755145764007,0.0,0.0,0.0,0.09334515103219206,-0.05576565100886949,0.002826476410510523,0.0026667898949486236,0.20723588727441505,0.06304762898442769,0.21795178775513868,0.002746633152729573,0.018789750011661284,0.07982939030650985,Ground Truth
SB2023_05,data/edge_intention/audio_ground_truth/SB2023_05.pkl,data/edge_intention/light_ground_truth/SB2023_05.pkl,0.13419956120669033,0.13161889081165443,0.0,0.0,0.0,0.523141878572143,0.066272691375239,0.01437557944714589,0.026414848837756095,0.1675627625138968,0.034336542808157226,0.08860615067278159,0.02039521414245099,0.29470728497369103,0.1345695499296412,Ground Truth
SB2023_06,data/edge_intention/audio_ground_truth/SB2023_06.pkl,data/edge_intention/light_ground_truth/SB2023_06.pkl,0.12995389503259513,0.15646956453570296,0.0,0.0,0.0,0.1722821228279399,0.22383094033428713,0.13175595245877475,0.044190745709043244,0.09756252705272302,0.02931697685163676,0.09547448652276602,0.087973349083909,0.19805653158111353,0.12716812239592953,Ground Truth
SB2023_07,data/edge_intention/audio_ground_truth/SB2023_07.pkl,data/edge_intention/light_ground_truth/SB2023_07.pkl,0.23860781921252425,0.32981826609113707,0.0,0.0,0.0,-0.14432213245304681,0.5437863916068932,0.1353352832366127,7.614989872356315e-09,0.08123246783535006,0.03674945195489651,0.18947536176788712,0.06766764542580128,0.1997321295769232,0.15229171225687055,Ground Truth
SB2023_08,data/edge_intention/audio_ground_truth/SB2023_08.pkl,data/edge_intention/light_ground_truth/SB2023_08.pkl,0.8277876040676144,0.5158840913624149,0.0,0.0,0.0,0.6030850411212364,-0.8195289310725424,0.0,0.0,0.21414299940617773,0.1484683121128541,0.4478905651433431,0.0,-0.10822194497565302,0.11322287338923002,Ground Truth
SB2023_09,data/edge_intention/audio_ground_truth/SB2023_09.pkl,data/edge_intention/light_ground_truth/SB2023_09.pkl,0.5872180930836035,0.21142010414123646,0.0,0.0,0.0,0.7681091861867597,0.08558494774654196,1.2660116524528064e-05,0.008306373439051589,0.18010375728056732,0.08124719628248564,0.26621273240828,0.004159516777788058,0.42684706696665087,0.23240643871757297,Ground Truth
SB2023_10,data/edge_intention/audio_ground_truth/SB2023_10.pkl,data/edge_intention/light_ground_truth/SB2023_10.pkl,0.1896841382221201,0.3792868376230366,0.0,0.0,0.0,0.6557704525458101,-0.21468812026403822,0.11355030221655601,0.058862995603284125,0.13352840835551838,0.010757963027494188,0.18965699194838556,0.08620664890992007,0.22054116614088595,0.16546826899973052,Ground Truth
SB2023_11,data/edge_intention/audio_ground_truth/SB2023_11.pkl,data/edge_intention/light_ground_truth/SB2023_11.pkl,0.06758793882427214,0.29008507596493893,0.0,0.0,0.0,0.30302002553360524,-0.005503129681716845,0.013845552606058227,3.856067332416656e-06,0.23298675742934818,0.11835967875430559,0.11922433826307037,0.006924704336695322,0.1487584479259442,0.09163583017523663,Ground Truth
SB2023_12,data/edge_intention/audio_ground_truth/SB2023_12.pkl,data/edge_intention/light_ground_truth/SB2023_12.pkl,0.10121140150041091,0.02934961491060628,0.0,0.0,0.0,0.613691422184635,0.014485126952177359,5.380186160021138e-32,0.0,0.1352785583882393,0.020693111085840543,0.0435203388036724,2.690093080010569e-32,0.3140882745684062,0.11920287112402621,Ground Truth
SB2023_13,data/edge_intention/audio_ground_truth/SB2023_13.pkl,data/edge_intention/light_ground_truth/SB2023_13.pkl,0.05777657703162319,0.1948931627813251,0.0,0.0,0.0,0.4245183689359222,-0.1730723488005561,0.020428703658440784,0.07664634823954794,0.20421484918979643,0.02092267838814496,0.08422324660431608,0.04853752594899436,0.12572301006768305,0.08616126087366449,Ground Truth
SB2023_14,data/edge_intention/audio_ground_truth/SB2023_14.pkl,data/edge_intention/light_ground_truth/SB2023_14.pkl,0.21015343945273923,0.31794068945453646,0.0,0.0,0.0,0.9742437463141862,0.44181342753915587,0.0,0.019365560712652084,0.131367086342587,0.0834671670415862,0.17603137630242524,0.009682780356326042,0.708028586926671,0.2979142478618075,Ground Truth
SB2023_15,data/edge_intention/audio_ground_truth/SB2023_15.pkl,data/edge_intention/light_ground_truth/SB2023_15.pkl,0.3363917758425,0.17993603452527904,0.0,0.0,0.0,0.5214050116521011,0.1568474897103875,0.06488588785117408,0.07146052133813272,0.16525542013904,0.05886252148474071,0.17210927012259303,0.0681732045946534,0.3391262506812443,0.19313624179949693,Ground Truth
SB2023_16,data/edge_intention/audio_ground_truth/SB2023_16.pkl,data/edge_intention/light_ground_truth/SB2023_16.pkl,0.2446721121063099,0.399054137098804,0.0,0.0,0.0,0.11011244012460428,0.2784639716119235,2.572209372642415e-56,0.06766764161830635,0.12438888113521145,0.024740240761013672,0.21457541640170463,0.033833820809153176,0.1942882058682639,0.14756581435970725,Ground Truth
SB2023_17,data/edge_intention/audio_ground_truth/SB2023_17.pkl,data/edge_intention/light_ground_truth/SB2023_17.pkl,0.05709861303671675,0.10360912299576497,0.0,0.0,0.0,0.3982167079206015,0.5494223483237519,0.06328979689584606,1.3420028115088078e-05,0.24987208555348833,0.10522859722031135,0.053569245344160576,0.03165160846198058,0.4738195281221767,0.18634679397610596,Ground Truth
SB2023_18,data/edge_intention/audio_ground_truth/SB2023_18.pkl,data/edge_intention/light_ground_truth/SB2023_18.pkl,0.14938503965192543,0.6823895987874049,0.0,0.0,0.0,0.5641397795149956,-0.8745785327775432,0.005537582085490625,0.023466978360454003,0.2133368285279884,0.13455148279283374,0.2772582128131101,0.014502280222972314,-0.15521937663127378,0.04551370546826955,Ground Truth
SB2023_19,data/edge_intention/audio_ground_truth/SB2023_19.pkl,data/edge_intention/light_ground_truth/SB2023_19.pkl,0.3296807503679354,0.69080391069408,0.0,0.0,0.0,0.5683620710508152,0.791002827336913,0.010993752934505557,0.05545034945202074,0.24416587306148946,0.20396887678428371,0.3401615536873385,0.03322205119326315,0.679682449193864,0.35102201802482186,Ground Truth
SB2023_20,data/edge_intention/audio_ground_truth/SB2023_20.pkl,data/edge_intention/light_ground_truth/SB2023_20.pkl,0.42028825268743686,0.15724630371297826,0.0,0.0,0.0,-0.14329718580079298,-0.11954887719593998,0.010425890464873399,0.08000516461760356,0.17570078760878496,0.026052063456028653,0.19251151880013836,0.045215527541238476,-0.13142303149836648,0.035434671614336784,Ground Truth
SB2023_21,data/edge_intention/audio_ground_truth/SB2023_21.pkl,data/edge_intention/light_ground_truth/SB2023_21.pkl,0.1410458961348739,-0.032389573085658985,0.0,0.0,0.0,0.6034356346629903,0.2818983409476335,0.14171887877377431,0.04735832152462934,0.21273461079214204,0.09132528765688747,0.0362187743497383,0.09453860014920183,0.4426669878053119,0.19114145410141736,Ground Truth
SB2023_22,data/edge_intention/audio_ground_truth/SB2023_22.pkl,data/edge_intention/light_ground_truth/SB2023_22.pkl,0.21459882255457455,0.18276159035107445,0.0,0.0,0.0,0.2099027145591062,-0.31319996559449204,0.02706705664732507,0.0,0.15845889361641968,0.05085471733537937,0.13245347096854967,0.013533528323662536,-0.05164862551769292,0.031446124591506426,Ground Truth
SB2023_23,data/edge_intention/audio_ground_truth/SB2023_23.pkl,data/edge_intention/light_ground_truth/SB2023_23.pkl,0.030006315932333126,0.07642801777612444,0.0,0.0,0.0,0.5473830963141973,-0.3570142024718035,0.022555883077765407,0.02706705969331849,0.15305830821102992,0.17169339361958197,0.03547811123615252,0.024811471385541947,0.09518444692119693,0.05182467651429714,Ground Truth
SB2023_24,data/edge_intention/audio_ground_truth/SB2023_24.pkl,data/edge_intention/light_ground_truth/SB2023_24.pkl,0.18713490235287716,0.27449470337153453,0.0,0.0,0.0,0.2358925575917279,-0.5180991704829715,3.9783719459757e-106,4.408531331463226e-71,0.1844072482935872,0.17815657984721373,0.15387653524147057,2.204265665731613e-71,-0.1411033064456218,0.004257742931949591,Ground Truth
SB2023_25,data/edge_intention/audio_ground_truth/SB2023_25.pkl,data/edge_intention/light_ground_truth/SB2023_25.pkl,0.12327337399542458,0.18266237107667843,0.0,0.0,0.0,0.2630415802601931,0.6031824142593167,0.048530350461511225,0.07571138474985631,0.23135438468385566,0.1161440484688715,0.10197858169070101,0.06212086760568376,0.4331119972597549,0.1990704821853799,Ground Truth
SB2023_26,data/edge_intention/audio_ground_truth/SB2023_26.pkl,data/edge_intention/light_ground_truth/SB2023_26.pkl,0.30346113611935543,0.5860444529304482,0.0,0.0,0.0,0.39235467583057604,-0.5174849979508354,2.875480982195252e-05,0.1924614556818135,0.21950440858842798,0.08673243154724676,0.2965018630166012,0.09624510524581772,-0.06256516106012966,0.1100606024007631,Ground Truth
SB2023_27,data/edge_intention/audio_ground_truth/SB2023_27.pkl,data/edge_intention/light_ground_truth/SB2023_27.pkl,0.1256011583929454,0.6078807871359946,0.0,0.0,0.0,-0.2042738775356993,-0.19080271555673312,0.07983690223690615,2.538333123493716e-10,0.19696119832240747,0.1287323438371388,0.24449398184298,0.03991845124536973,-0.1975382965462162,0.028958045514044507,Ground Truth
SB2023_28,data/edge_intention/audio_ground_truth/SB2023_28.pkl,data/edge_intention/light_ground_truth/SB2023_28.pkl,0.20461443415551098,0.208965959721575,0.0,0.0,0.0,0.03278963153022986,0.1264063998722309,0.02666203159151934,0.0747456847313895,0.22303111209131848,0.04238597382640216,0.137860131292362,0.05070385816145442,0.07959801570123037,0.08938733505168227,Ground Truth
SB2023_29,data/edge_intention/audio_ground_truth/SB2023_29.pkl,data/edge_intention/light_ground_truth/SB2023_29.pkl,0.2541093998504701,0.3525293813348077,0.0,0.0,0.0,0.5960690878433604,0.11363321858148243,0.17389411117596593,0.05041927489089875,0.21740620305558106,0.06320169837779446,0.20221292706175928,0.11215669303343234,0.35485115321242144,0.2230735911025377,Ground Truth
SB2023_30,data/edge_intention/audio_ground_truth/SB2023_30.pkl,data/edge_intention/light_ground_truth/SB2023_30.pkl,0.046984307769021835,-0.05267587938753307,0.0,0.0,0.0,0.6008640637893974,-0.021016123687866164,0.005413411329465014,0.12521679623372625,0.1690824430143596,0.08077206405219355,-0.0018971905395037448,0.06531510378159563,0.2899239700507656,0.11778062776428583,Ground Truth
SB2023_31,data/edge_intention/audio_ground_truth/SB2023_31.pkl,data/edge_intention/light_ground_truth/SB2023_31.pkl,0.00731645833342974,-0.14202455910665696,0.0,0.0,0.0,-0.1891304554191352,-0.30207612462473044,0.08759188686582034,0.16327068654404286,0.14455597710836493,0.1256068433076992,-0.0449027002577424,0.1254312867049316,-0.24560329002193282,-0.05502490119158121,Ground Truth
SB2023_32,data/edge_intention/audio_ground_truth/SB2023_32.pkl,data/edge_intention/light_ground_truth/SB2023_32.pkl,0.3000781351373763,0.4339246066614747,0.0,0.0,0.0,0.6210346222620151,0.3972966990274267,0.03409565496247836,0.13872911081770004,0.27927328294782594,0.08666298465587001,0.24466758059961702,0.08641238289008919,0.5091656606447209,0.2800818747114757,Ground Truth
SB2023_33,data/edge_intention/audio_ground_truth/SB2023_33.pkl,data/edge_intention/light_ground_truth/SB2023_33.pkl,0.08405977552808133,0.16315736854868573,0.0,0.0,0.0,0.6112048836918746,-0.4663604568133336,0.019391120640300036,0.008468939837221641,0.20247224879362333,0.0752945725973574,0.08240571469225569,0.013930030238760839,0.07242221343927052,0.05625265279009569,Ground Truth
SB2023_34,data/edge_intention/audio_ground_truth/SB2023_34.pkl,data/edge_intention/light_ground_truth/SB2023_34.pkl,-0.03335828828010715,0.34312508138730574,0.0,0.0,0.0,0.23394691783324606,-0.29035692577792077,0.1335423218111384,5.0766620255984684e-09,0.22982021503394626,0.10736335749558065,0.10325559770239952,0.06677116344390022,-0.028205003972337356,0.04727391905798745,Ground Truth
SB2023_35,data/edge_intention/audio_ground_truth/SB2023_35.pkl,data/edge_intention/light_ground_truth/SB2023_35.pkl,0.02651902109952543,0.35418032121138604,0.0,0.0,0.0,0.33314307390147213,0.42622799341210715,0.034317372763012124,0.0265790501385463,0.10067889652203998,0.050119489092565694,0.1268997807703038,0.030448211450779212,0.37968553365678964,0.17901117529262423,Ground Truth
SI2023_01,data/edge_intention/audio_ground_truth/SI2023_01.pkl,data/edge_intention/light_ground_truth/SI2023_01.pkl,0.31939775670596926,0.5804764030491243,0.0,0.0,0.0,0.7700072405068654,-0.024913397423125885,0.055285441910475755,0.033396064849750356,0.26871695706695353,0.12048278565992399,0.29995805325169783,0.044340753380113056,0.37254692154186975,0.23894857605789355,Ground Truth
SI2023_02,data/edge_intention/audio_ground_truth/SI2023_02.pkl,data/edge_intention/light_ground_truth/SI2023_02.pkl,0.34364823463689875,0.923140714593041,0.0,0.0,0.0,0.9217140631993546,0.7767413881331512,0.007052189787218722,0.02319064634939494,0.1483023396801561,0.12552959741195407,0.4222629830766466,0.01512141806830683,0.8492277256662528,0.42887070893706875,Ground Truth
SI2023_03,data/edge_intention/audio_ground_truth/SI2023_03.pkl,data/edge_intention/light_ground_truth/SI2023_03.pkl,0.48056431387421505,0.10533067483043358,0.0,0.0,0.0,0.8200525688993336,0.06889430634671219,0.07421178157019545,0.07105678633775431,0.20753155892663502,0.106311408295895,0.19529832956821622,0.07263428395397488,0.44447343762302294,0.23746868371507135,Ground Truth
SI2023_04,data/edge_intention/audio_ground_truth/SI2023_04.pkl,data/edge_intention/light_ground_truth/SI2023_04.pkl,0.26744247964850354,0.4129008215751753,0.0,0.0,0.0,0.5128366430701254,-0.3077147912776592,0.003083429157601353,3.8075076003439477e-10,0.21657096980303314,0.11268555355440932,0.22678110040789293,0.0015417147691760564,0.10256092589623311,0.11029458035776736,Ground Truth
SI2023_05,data/edge_intention/audio_ground_truth/SI2023_05.pkl,data/edge_intention/light_ground_truth/SI2023_05.pkl,0.1651618958831947,0.129159760337815,0.0,0.0,0.0,0.4909302877071939,0.10458015989205144,2.75535692566274e-23,0.019429458356063294,0.18667357996152828,0.10308532233799991,0.09810721874033657,0.009714729178031647,0.29775522379962266,0.13519239057266363,Ground Truth
SI2023_06,data/edge_intention/audio_ground_truth/SI2023_06.pkl,data/edge_intention/light_ground_truth/SI2023_06.pkl,0.22942963808734593,0.12292244745115621,0.0,0.0,0.0,0.6736262527268836,-0.231514217057534,0.0,0.0,0.04728229419987352,0.021510880365057616,0.11745069517950073,0.0,0.2210560178346748,0.11283557100472517,Ground Truth
SI2023_07,data/edge_intention/audio_ground_truth/SI2023_07.pkl,data/edge_intention/light_ground_truth/SI2023_07.pkl,0.3406964514463502,0.33633476516946537,0.0,0.0,0.0,-0.12504476590583916,0.7144899724003202,9.643749239819589e-23,9.643749239819589e-23,0.1643037326501222,0.11053652126276864,0.22567707220527186,9.643749239819589e-23,0.29472260324724053,0.1734665584841708,Ground Truth
SI2023_08,data/edge_intention/audio_ground_truth/SI2023_08.pkl,data/edge_intention/light_ground_truth/SI2023_08.pkl,0.5591168079463495,0.2871226687009622,0.0,0.0,0.0,-0.6223469690064732,-0.8639817257185769,0.0,0.0,0.22178953526808884,0.08272227751994952,0.28207982554910394,0.0,-0.7431643473625251,-0.15369484060447372,Ground Truth
SI2023_09,data/edge_intention/audio_ground_truth/SI2023_09.pkl,data/edge_intention/light_ground_truth/SI2023_09.pkl,0.5953518845001133,0.7317122369270281,0.0,0.0,0.0,0.6293555991624249,0.22840901664503357,0.0079608999098003,5.510713852094078e-23,0.23444237649482297,0.21734268411155394,0.4423547071423805,0.00398044995490015,0.4288823079037292,0.2917391550003366,Ground Truth
SI2023_10,data/edge_intention/audio_ground_truth/SI2023_10.pkl,data/edge_intention/light_ground_truth/SI2023_10.pkl,0.15295315267599,0.45539262811811787,0.0,0.0,0.0,0.2970296018465265,-0.3787987410940185,0.06052409734910036,0.02087242244069465,0.2195338599270209,0.0015601616263392541,0.2027819269313693,0.040698259894897504,-0.04088456962374601,0.06753187240084026,Ground Truth
SI2023_11,data/edge_intention/audio_ground_truth/SI2023_11.pkl,data/edge_intention/light_ground_truth/SI2023_11.pkl,0.12114451128329427,0.5041989669356728,0.0,0.0,0.0,0.33384083126474196,0.015409873126480893,0.003635781145607595,0.0366668002216858,0.2608438843900956,0.11516074913912738,0.20844782607298903,0.020151290683646697,0.17462535219561143,0.13440815631741573,Ground Truth
SI2023_12,data/edge_intention/audio_ground_truth/SI2023_12.pkl,data/edge_intention/light_ground_truth/SI2023_12.pkl,-0.00834288909922731,0.04112992442782143,0.0,0.0,0.0,0.5782666892441435,-0.04697294942153563,0.0,0.0,0.12774219072310689,0.06282487350405488,0.010929011776198039,0.0,0.26564686991130393,0.09219196056250066,Ground Truth
SI2023_13,data/edge_intention/audio_ground_truth/SI2023_13.pkl,data/edge_intention/light_ground_truth/SI2023_13.pkl,0.29332629148057376,0.40930330791876224,0.0,0.0,0.0,0.5952751414899258,-0.15015321534982162,3.16604143549229e-15,0.3334451542093008,0.2923919833115235,0.14818546840529231,0.23420986646644534,0.166722577104652,0.22256096307005208,0.20783113554704982,Ground Truth
SI2023_14,data/edge_intention/audio_ground_truth/SI2023_14.pkl,data/edge_intention/light_ground_truth/SI2023_14.pkl,0.18489391156659488,0.29056975203238594,0.0,0.0,0.0,0.9337253786112119,0.24603715839744084,0.0,0.0,0.3403637070676509,0.13736870893116032,0.15848788786632695,0.0,0.5898812685043263,0.24945638545688442,Ground Truth
SI2023_15,data/edge_intention/audio_ground_truth/SI2023_15.pkl,data/edge_intention/light_ground_truth/SI2023_15.pkl,0.44980135578418845,0.3512355854265676,0.0,0.0,0.0,0.8489724162846561,0.11678048716916034,0.036324044361400715,0.05087326581448174,0.2691931581894397,0.07453064623124851,0.2670123137369187,0.043598655087941224,0.48287645172690824,0.2644958068505894,Ground Truth
SI2023_16,data/edge_intention/audio_ground_truth/SI2023_16.pkl,data/edge_intention/light_ground_truth/SI2023_16.pkl,0.460012188059143,0.6857707939843806,0.0,0.0,0.0,0.5667882373309587,0.7204505205097661,0.0069617776834090695,0.016502215940172347,0.217039978480107,0.017291361493679918,0.3819276606811745,0.011731996811790709,0.6436193789203624,0.3457596788044425,Ground Truth
SI2023_17,data/edge_intention/audio_ground_truth/SI2023_17.pkl,data/edge_intention/light_ground_truth/SI2023_17.pkl,0.11366828725908495,0.2202626465009677,0.0,0.0,0.0,0.014984326756976888,-0.21851726553520007,0.047061873960489733,0.054115856463598774,0.3467217974532273,0.1384928259604724,0.11131031125335089,0.050588865212044254,-0.10176646938911159,0.020044235692094518,Ground Truth
SI2023_18,data/edge_intention/audio_ground_truth/SI2023_18.pkl,data/edge_intention/light_ground_truth/SI2023_18.pkl,0.1539744791648625,0.676342646634997,0.0,0.0,0.0,0.7950450523810624,-0.8674321827673276,0.09227545534922467,0.037254946905148974,0.24396423515230165,0.12680220095165856,0.27677237526661985,0.06476520112718682,-0.036193565193132604,0.10178133706689135,Ground Truth
SI2023_19,data/edge_intention/audio_ground_truth/SI2023_19.pkl,data/edge_intention/light_ground_truth/SI2023_19.pkl,0.29543746267188215,0.7078888762425798,0.0,0.0,0.0,0.5981628921498,0.7759619421532001,0.010911473779154463,0.0904945248077324,0.27817464376979356,0.24763575282047473,0.33444211297148735,0.050702999293443435,0.6870624171515001,0.35740250980547694,Ground Truth
SI2023_20,data/edge_intention/audio_ground_truth/SI2023_20.pkl,data/edge_intention/light_ground_truth/SI2023_20.pkl,0.4066564137070046,0.10768733632134944,0.0,0.0,0.0,0.39403282192377165,-0.27303805588617713,0.07403562160538382,0.03290889754926574,0.2307626595397704,0.03556103133560856,0.17144791667611803,0.05347225957732478,0.06049738301879726,0.09513918642408002,Ground Truth
SI2023_21,data/edge_intention/audio_ground_truth/SI2023_21.pkl,data/edge_intention/light_ground_truth/SI2023_21.pkl,0.10911922220705123,0.20268064474356517,0.0,0.0,0.0,0.05266245258294087,0.27383710276414197,0.1264723278626566,0.044773992616354924,0.30481541256765476,0.18199109621907628,0.1039332889835388,0.08562316023950577,0.16324977767354143,0.11760207563219534,Ground Truth
SI2023_22,data/edge_intention/audio_ground_truth/SI2023_22.pkl,data/edge_intention/light_ground_truth/SI2023_22.pkl,0.2425989991978163,0.16579205594354138,0.0,0.0,0.0,0.17693568868443746,0.16795489257925114,0.0,2.572209372642415e-56,0.14271857409768585,0.04434315079120972,0.13613035171378587,1.2861046863212074e-56,0.1724452906318443,0.10285854744854339,Ground Truth
SI2023_23,data/edge_intention/audio_ground_truth/SI2023_23.pkl,data/edge_intention/light_ground_truth/SI2023_23.pkl,0.13658505960956582,0.10414782085610921,0.0,0.0,0.0,0.7602157066124562,-0.45654468396195036,0.0,0.0,0.19474010745377085,0.09744851184448322,0.08024429348855834,0.0,0.15183551132525291,0.07735993493793708,Ground Truth
SI2023_24,data/edge_intention/audio_ground_truth/SI2023_24.pkl,data/edge_intention/light_ground_truth/SI2023_24.pkl,0.16887318572438287,0.15590484480203723,0.0,0.0,0.0,0.37855987297633165,-0.4715122857410158,0.0,4.408531331463226e-71,0.2875243802935655,0.2957393610765503,0.10825934350880669,2.204265665731613e-71,-0.04647620638234207,0.020594379042154873,Ground Truth
SI2023_25,data/edge_intention/audio_ground_truth/SI2023_25.pkl,data/edge_intention/light_ground_truth/SI2023_25.pkl,0.030862778119750113,0.3035445682263649,0.0,0.0,0.0,0.2658357852570345,0.3919486913471837,0.1353352832366127,0.1353352832366127,0.14670241221467337,0.06721908989157233,0.11146911544870501,0.1353352832366127,0.3288922383021091,0.19189887899580893,Ground Truth
SI2023_26,data/edge_intention/audio_ground_truth/SI2023_26.pkl,data/edge_intention/light_ground_truth/SI2023_26.pkl,0.2681648626480563,0.4809859045719085,0.0,0.0,0.0,0.6966866943437295,-0.591888914475885,0.0,0.0,0.19333054992301077,0.054037267608617975,0.2497169224066549,0.0,0.05239888993392228,0.10070527078019238,Ground Truth
SI2023_27,data/edge_intention/audio_ground_truth/SI2023_27.pkl,data/edge_intention/light_ground_truth/SI2023_27.pkl,0.1145392749483902,0.7559070335761601,0.0,0.0,0.0,0.1608793416615492,-0.5858990292142716,0.06766764161830635,0.0,0.14207917522950053,0.12256026340076612,0.2901487695081834,0.033833820809153176,-0.2125098437763612,0.03715758218032512,Ground Truth
SI2023_28,data/edge_intention/audio_ground_truth/SI2023_28.pkl,data/edge_intention/light_ground_truth/SI2023_28.pkl,0.17509361557855496,0.33308382891764793,0.0,0.0,0.0,0.31272743645468093,0.10702870509128146,0.004141732479490255,0.08751506968193791,0.21855901161135657,0.08468702651305891,0.1693924814987343,0.04582840108071408,0.2098780707729812,0.14169965111747654,Ground Truth
SI2023_29,data/edge_intention/audio_ground_truth/SI2023_29.pkl,data/edge_intention/light_ground_truth/SI2023_29.pkl,0.2915776625482568,0.34471043001205204,0.0,0.0,0.0,0.8240317971070323,0.004461515915636628,0.16066096991930442,0.08429917520867518,0.1704228299258948,0.053813217600293776,0.21209603085343628,0.1224800725639898,0.41424665651133447,0.24960758664292015,Ground Truth
SI2023_30,data/edge_intention/audio_ground_truth/SI2023_30.pkl,data/edge_intention/light_ground_truth/SI2023_30.pkl,0.08005941555588628,0.14945283101859863,0.0,0.0,0.0,0.5184716952364192,0.44043653517774267,0.002482600286401716,0.0017917635682411796,0.13810580572780096,0.1012433548199789,0.07650408219149497,0.0021371819273214476,0.4794541152070809,0.18603179310863246,Ground Truth
SI2023_31,data/edge_intention/audio_ground_truth/SI2023_31.pkl,data/edge_intention/light_ground_truth/SI2023_31.pkl,0.04669664208595808,-0.08968523830532699,0.0,0.0,0.0,0.08847883576279847,-0.31101960342379137,0.012394700143665248,2.532833109818835e-15,0.1940720432777613,0.22021790260332658,-0.01432953207312297,0.00619735007183389,-0.11127038383049645,-0.03980085527726184,Ground Truth
SI2023_32,data/edge_intention/audio_ground_truth/SI2023_32.pkl,data/edge_intention/light_ground_truth/SI2023_32.pkl,0.3019896291318551,0.397448381305312,0.0,0.0,0.0,0.8368107934273861,0.6153740665726783,0.029589487343319197,0.09917222433819955,0.35868108058361825,0.14851215108926402,0.2331460034790557,0.06438085584075938,0.7260924300000322,0.3412064297732824,Ground Truth
SI2023_33,data/edge_intention/audio_ground_truth/SI2023_33.pkl,data/edge_intention/light_ground_truth/SI2023_33.pkl,0.23198468681997392,0.4087384661065532,0.0,0.0,0.0,0.7141796909355402,0.29886143369420337,0.003478738244989258,0.03607723881393512,0.2021548412433222,0.06331508130448604,0.21357438430884237,0.01977798852946219,0.5065205623148719,0.24662431171772548,Ground Truth
SI2023_34,data/edge_intention/audio_ground_truth/SI2023_34.pkl,data/edge_intention/light_ground_truth/SI2023_34.pkl,-0.009557844367303392,0.31506849217387656,0.0,0.0,0.0,0.011481430994557281,0.05440415447738588,0.0,1.522997974471263e-08,0.22555867037539792,0.07305027287879931,0.10183688260219105,7.614989872356315e-09,0.03294279273597158,0.04492656098438417,Ground Truth
SI2023_35,data/edge_intention/audio_ground_truth/SI2023_35.pkl,data/edge_intention/light_ground_truth/SI2023_35.pkl,0.08876598917902756,0.2267571031819935,0.0,0.0,0.0,-0.23982167717359076,0.6790727929057749,0.0,0.0,0.0358442611406942,0.002563555030041151,0.10517436412034036,0.0,0.21962555786609209,0.10826664066214414,Ground Truth
